Institution,City,State,"Geocodio Latitude","Geocodio Longitude","Geocodio Accuracy Score","Geocodio Accuracy Type","Geocodio Address Line 1","Geocodio Address Line 2","Geocodio Address Line 3","Geocodio House Number","Geocodio Street","Geocodio Unit Type","Geocodio Unit Number","Geocodio City","Geocodio State","Geocodio County","Geocodio Postal Code","Geocodio Country","Geocodio Source","Geocodio Stable Address Key","Geocodio Match Type"
"Enterprise State Community College",Enterprise,Alabama,31.315846,-85.942956,1,place,,,"Enterprise, AL 36330",,,,,Enterprise,AL,"Coffee County",36330,US,"TIGER/Line® from the US Census Bureau",,
"Faulkner University",Montgomery,Alabama,32.356988,-86.257817,1,place,,,"Montgomery, AL 36101",,,,,Montgomery,AL,"Montgomery County",36101,US,"TIGER/Line® from the US Census Bureau",,
"Huntingdon College",Montgomery,Alabama,32.356988,-86.257817,1,place,,,"Montgomery, AL 36101",,,,,Montgomery,AL,"Montgomery County",36101,US,"TIGER/Line® from the US Census Bureau",,
"Jacksonville State University",Jacksonville,Alabama,33.853627,-85.758295,1,place,,,"Jacksonville, AL 36265",,,,,Jacksonville,AL,"Calhoun County",36265,US,"TIGER/Line® from the US Census Bureau",,
"University of West Alabama",Livingston,Alabama,32.5843,-88.18725,1,place,,,"Livingston, AL 35470",,,,,Livingston,AL,"Sumter County",35470,US,"TIGER/Line® from the US Census Bureau",,
"Marion Military Institute",Marion,Alabama,32.608995,-87.350401,1,place,,,"Marion, AL 36756",,,,,Marion,AL,"Perry County",36756,US,"TIGER/Line® from the US Census Bureau",,
"University of North Alabama",Florence,Alabama,34.82298,-87.661652,1,place,,,"Florence, AL 35630",,,,,Florence,AL,"Lauderdale County",35630,US,"TIGER/Line® from the US Census Bureau",,
"Northeast Alabama Community College",Rainsville,Alabama,34.49425,-85.84775,1,place,,,"Rainsville, AL 35986",,,,,Rainsville,AL,"Dekalb County",35986,US,"TIGER/Line® from the US Census Bureau",,
"Snead State Community College",Boaz,Alabama,34.146146,-86.146749,1,place,,,"Boaz, AL 35956",,,,,Boaz,AL,"Etowah County",35956,US,"TIGER/Line® from the US Census Bureau",,
"Tuskegee University",Tuskegee,Alabama,32.372144,-85.66671,1,place,,,"Tuskegee, AL 36083",,,,,Tuskegee,AL,"Macon County",36083,US,"TIGER/Line® from the US Census Bureau",,
"Southern Union State Community College",Wadley,Alabama,33.207578,-85.480892,1,place,,,"Wadley, AL 36276",,,,,Wadley,AL,"Randolph County",36276,US,"TIGER/Line® from the US Census Bureau",,
"Strayer University-Alabama",Birmingham,Alabama,33.456412,-86.801904,1,place,,,"Birmingham, AL 35201",,,,,Birmingham,AL,"Jefferson County",35201,US,"TIGER/Line® from the US Census Bureau",,
"Alaska Pacific University",Anchorage,Alaska,61.220018,-149.855702,1,place,,,"Anchorage, AK 99501",,,,,Anchorage,AK,"Anchorage Municipality",99501,US,"TIGER/Line® from the US Census Bureau",,
"Arizona State University Campus Immersion",Tempe,Arizona,33.401395,-111.931298,1,place,,,"Tempe, AZ 85280",,,,,Tempe,AZ,"Maricopa County",85280,US,"TIGER/Line® from the US Census Bureau",,
"Cochise County Community College District","Sierra Vista",Arizona,31.571011,-110.170235,1,place,,,"Sierra Vista, AZ 85635",,,,,"Sierra Vista",AZ,"Cochise County",85635,US,"TIGER/Line® from the US Census Bureau",,
"Dine College",Tsaile,Arizona,36.3033,-109.21566,1,place,,,"Tsaile, AZ 86556",,,,,Tsaile,AZ,"Apache County",86556,US,"TIGER/Line® from the US Census Bureau",,
"Refrigeration School Inc",Phoenix,Arizona,33.703967,-112.351835,1,place,,,"Phoenix, AZ 85001",,,,,Phoenix,AZ,"Maricopa County",85001,US,"TIGER/Line® from the US Census Bureau",,
"Universal Technical Institute of Arizona Inc",Avondale,Arizona,33.4356,-112.3496,1,place,,,"Avondale, AZ 85323",,,,,Avondale,AZ,"Maricopa County",85323,US,"TIGER/Line® from the US Census Bureau",,
"Tohono O'odham Community College",Sells,Arizona,31.92031,-111.87716,1,place,,,"Sells, AZ 85634",,,,,Sells,AZ,"Pima County",85634,US,"TIGER/Line® from the US Census Bureau",,
"Chamberlain University-Arizona",Phoenix,Arizona,33.703967,-112.351835,1,place,,,"Phoenix, AZ 85001",,,,,Phoenix,AZ,"Maricopa County",85001,US,"TIGER/Line® from the US Census Bureau",,
"Arizona State University Digital Immersion",Scottsdale,Arizona,33.534451,-111.887354,1,place,,,"Scottsdale, AZ 85250",,,,,Scottsdale,AZ,"Maricopa County",85250,US,"TIGER/Line® from the US Census Bureau",,
"Arkansas Tech University",Russellville,Arkansas,35.279127,-93.140877,1,place,,,"Russellville, AR 72801",,,,,Russellville,AR,"Pope County",72801,US,"TIGER/Line® from the US Census Bureau",,
"University of Arkansas at Monticello",Monticello,Arkansas,33.604967,-91.755955,1,place,,,"Monticello, AR 71655",,,,,Monticello,AR,"Drew County",71655,US,"TIGER/Line® from the US Census Bureau",,
"Baptist Health College Little Rock","Little Rock",Arkansas,34.746905,-92.280049,1,place,,,"Little Rock, AR 72201",,,,,"Little Rock",AR,"Pulaski County",72201,US,"TIGER/Line® from the US Census Bureau",,
"Cossatot Community College of the University of Arkansas","De Queen",Arkansas,34.050929,-94.28072,1,place,,,"De Queen, AR 71832",,,,,"De Queen",AR,"Sevier County",71832,US,"TIGER/Line® from the US Census Bureau",,
"University of Arkansas Community College-Morrilton",Morrilton,Arkansas,35.169237,-92.817379,1,place,,,"Morrilton, AR 72110",,,,,Morrilton,AR,"Conway County",72110,US,"TIGER/Line® from the US Census Bureau",,
"University of Arkansas Hope-Texarkana",Hope,Arkansas,33.673559,-93.606807,1,place,,,"Hope, AR 71801",,,,,Hope,AR,"Hempstead County",71801,US,"TIGER/Line® from the US Census Bureau",,
"Arkansas State University-Newport",Newport,Arkansas,35.569278,-91.203951,1,place,,,"Newport, AR 72112",,,,,Newport,AR,"Jackson County",72112,US,"TIGER/Line® from the US Census Bureau",,
"Azusa Pacific University",Azusa,California,34.13529,-117.91506,1,place,,,"Azusa, CA 91702",,,,,Azusa,CA,"Los Angeles County",91702,US,"TIGER/Line® from the US Census Bureau",,
"California Baptist University",Riverside,California,33.99504,-117.373184,1,place,,,"Riverside, CA 92501",,,,,Riverside,CA,"Riverside County",92501,US,"TIGER/Line® from the US Census Bureau",,
"California Lutheran University","Thousand Oaks",California,34.212798,-118.882175,1,place,,,"Thousand Oaks, CA 91360",,,,,"Thousand Oaks",CA,"Ventura County",91360,US,"TIGER/Line® from the US Census Bureau",,
"California State University-Bakersfield",Bakersfield,California,35.384337,-119.020562,1,place,,,"Bakersfield, CA 93301",,,,,Bakersfield,CA,"Kern County",93301,US,"TIGER/Line® from the US Census Bureau",,
"California State University-Stanislaus",Turlock,California,37.474396,-120.875918,1,place,,,"Turlock, CA 95380",,,,,Turlock,CA,"Stanislaus County",95380,US,"TIGER/Line® from the US Census Bureau",,
"California State University-San Bernardino","San Bernardino",California,34.104794,-117.29215,1,place,,,"San Bernardino, CA 92401",,,,,"San Bernardino",CA,"San Bernardino County",92401,US,"TIGER/Line® from the US Census Bureau",,
"California State Polytechnic University-Pomona",Pomona,California,34.042286,-117.756106,1,place,,,"Pomona, CA 91766",,,,,Pomona,CA,"Los Angeles County",91766,US,"TIGER/Line® from the US Census Bureau",,
"California State University-Dominguez Hills",Carson,California,33.813317,-118.261154,1,place,,,"Carson, CA 90745",,,,,Carson,CA,"Los Angeles County",90745,US,"TIGER/Line® from the US Census Bureau",,
"California State University-Fresno",Fresno,California,36.8411,-119.801015,1,place,,,"Fresno, CA 93650",,,,,Fresno,CA,"Fresno County",93650,US,"TIGER/Line® from the US Census Bureau",,
"California State University-Long Beach","Long Beach",California,33.756024,-118.201101,1,place,,,"Long Beach, CA 90802",,,,,"Long Beach",CA,"Los Angeles County",90802,US,"TIGER/Line® from the US Census Bureau",,
"California State University-Los Angeles","Los Angeles",California,33.973951,-118.248405,1,place,,,"Los Angeles, CA 90001",,,,,"Los Angeles",CA,"Los Angeles County",90001,US,"TIGER/Line® from the US Census Bureau",,
"California State University-Sacramento",Sacramento,California,38.377411,-121.444429,1,place,,,"Sacramento, CA 94240",,,,,Sacramento,CA,"Sacramento County",94240,US,"TIGER/Line® from the US Census Bureau",,
"University of California-Irvine",Irvine,California,33.757245,-117.750414,1,place,,,"Irvine, CA 92602",,,,,Irvine,CA,"Orange County",92602,US,"TIGER/Line® from the US Census Bureau",,
"California State University Maritime Academy",Vallejo,California,38.18735,-122.224074,1,place,,,"Vallejo, CA 94589",,,,,Vallejo,CA,"Napa County",94589,US,"TIGER/Line® from the US Census Bureau",,
"Casa Loma College-Los Angeles","Sherman Oaks",California,34.147149,-118.463365,1,place,,,"Sherman Oaks, CA 91403",,,,,"Sherman Oaks",CA,"Los Angeles County",91403,US,"TIGER/Line® from the US Census Bureau",,
"Design Institute of San Diego","San Diego",California,32.724103,-117.170912,1,place,,,"San Diego, CA 92101",,,,,"San Diego",CA,"San Diego County",92101,US,"TIGER/Line® from the US Census Bureau",,
"Hartnell College",Salinas,California,36.64152,-121.622188,1,place,,,"Salinas, CA 93901",,,,,Salinas,CA,"Monterey County",93901,US,"TIGER/Line® from the US Census Bureau",,
"California State Polytechnic University-Humboldt",Arcata,California,40.881383,-123.984232,1,place,,,"Arcata, CA 95518",,,,,Arcata,CA,"Humboldt County",95518,US,"TIGER/Line® from the US Census Bureau",,
"Imperial Valley College",Imperial,California,32.84755,-115.56944,1,place,,,"Imperial, CA 92251",,,,,Imperial,CA,"Imperial County",92251,US,"TIGER/Line® from the US Census Bureau",,
"University of La Verne","La Verne",California,34.10084,-117.76784,1,place,,,"La Verne, CA 91750",,,,,"La Verne",CA,"Los Angeles County",91750,US,"TIGER/Line® from the US Census Bureau",,
"Menlo College",Atherton,California,37.450627,-122.199439,1,place,,,"Atherton, CA 94027",,,,,Atherton,CA,"San Mateo County",94027,US,"TIGER/Line® from the US Census Bureau",,
"Mount Saint Mary's University","Los Angeles",California,33.973951,-118.248405,1,place,,,"Los Angeles, CA 90001",,,,,"Los Angeles",CA,"Los Angeles County",90001,US,"TIGER/Line® from the US Census Bureau",,
"National University","San Diego",California,32.724103,-117.170912,1,place,,,"San Diego, CA 92101",,,,,"San Diego",CA,"San Diego County",92101,US,"TIGER/Line® from the US Census Bureau",,
"Newschool of Architecture and Design","San Diego",California,32.724103,-117.170912,1,place,,,"San Diego, CA 92101",,,,,"San Diego",CA,"San Diego County",92101,US,"TIGER/Line® from the US Census Bureau",,
"Otis College of Art and Design","Los Angeles",California,33.973951,-118.248405,1,place,,,"Los Angeles, CA 90001",,,,,"Los Angeles",CA,"Los Angeles County",90001,US,"TIGER/Line® from the US Census Bureau",,
"Pacific Union College",Angwin,California,38.57145,-122.450215,1,place,,,"Angwin, CA 94508",,,,,Angwin,CA,"Napa County",94508,US,"TIGER/Line® from the US Census Bureau",,
"University of the Pacific",Stockton,California,37.672196,-121.298794,1,place,,,"Stockton, CA 95201",,,,,Stockton,CA,"San Joaquin County",95201,US,"TIGER/Line® from the US Census Bureau",,
"University of Redlands",Redlands,California,34.011935,-117.159696,1,place,,,"Redlands, CA 92373",,,,,Redlands,CA,"San Bernardino County",92373,US,"TIGER/Line® from the US Census Bureau",,
"San Diego State University","San Diego",California,32.724103,-117.170912,1,place,,,"San Diego, CA 92101",,,,,"San Diego",CA,"San Diego County",92101,US,"TIGER/Line® from the US Census Bureau",,
"University of San Francisco","San Francisco",California,37.776646,-122.417481,1,place,,,"San Francisco, CA 94101",,,,,"San Francisco",CA,"San Francisco County",94101,US,"TIGER/Line® from the US Census Bureau",,
"San Joaquin Valley College-Bakersfield",Bakersfield,California,35.384337,-119.020562,1,place,,,"Bakersfield, CA 93301",,,,,Bakersfield,CA,"Kern County",93301,US,"TIGER/Line® from the US Census Bureau",,
"Concorde Career College-San Bernardino","San Bernardino",California,34.104794,-117.29215,1,place,,,"San Bernardino, CA 92401",,,,,"San Bernardino",CA,"San Bernardino County",92401,US,"TIGER/Line® from the US Census Bureau",,
"Concorde Career College-North Hollywood","North Hollywood",California,34.1692,-118.372498,1,place,,,"North Hollywood, CA 91601",,,,,"North Hollywood",CA,"Los Angeles County",91601,US,"TIGER/Line® from the US Census Bureau",,
"Platt College-Los Angeles",Alhambra,California,34.090728,-118.127527,1,place,,,"Alhambra, CA 91801",,,,,Alhambra,CA,"Los Angeles County",91801,US,"TIGER/Line® from the US Census Bureau",,
"San Joaquin Valley College-Fresno",Fresno,California,36.8411,-119.801015,1,place,,,"Fresno, CA 93650",,,,,Fresno,CA,"Fresno County",93650,US,"TIGER/Line® from the US Census Bureau",,
"Central Coast College",Salinas,California,36.64152,-121.622188,1,place,,,"Salinas, CA 93901",,,,,Salinas,CA,"Monterey County",93901,US,"TIGER/Line® from the US Census Bureau",,
"Southern California Institute of Technology",Anaheim,California,33.844983,-117.952151,1,place,,,"Anaheim, CA 92801",,,,,Anaheim,CA,"Orange County",92801,US,"TIGER/Line® from the US Census Bureau",,
"California State University-Monterey Bay",Seaside,California,36.61107,-121.85162,1,place,,,"Seaside, CA 93955",,,,,Seaside,CA,"Monterey County",93955,US,"TIGER/Line® from the US Census Bureau",,
"Spartan College of Aeronautics & Technology",Inglewood,California,33.956526,-118.358654,1,place,,,"Inglewood, CA 90301",,,,,Inglewood,CA,"Los Angeles County",90301,US,"TIGER/Line® from the US Census Bureau",,
"Pacific College","Costa Mesa",California,33.678399,-117.911715,1,place,,,"Costa Mesa, CA 92626",,,,,"Costa Mesa",CA,"Orange County",92626,US,"TIGER/Line® from the US Census Bureau",,
"Platt College-Ontario",Ontario,California,34.05936,-117.6203,1,place,,,"Ontario, CA 91758",,,,,Ontario,CA,"San Bernardino County",91758,US,"TIGER/Line® from the US Census Bureau",,
"American University of Health Sciences","Signal Hill",California,33.803448,-118.168135,1,place,,,"Signal Hill, CA 90755",,,,,"Signal Hill",CA,"Los Angeles County",90755,US,"TIGER/Line® from the US Census Bureau",,
"Career Networks Institute","Santa Ana",California,33.74822,-117.858473,1,place,,,"Santa Ana, CA 92701",,,,,"Santa Ana",CA,"Orange County",92701,US,"TIGER/Line® from the US Census Bureau",,
"Universal Technical Institute of California Inc","Rancho
Cucamonga",California,34.839964,-115.967051,1,place,,,"Rancho Cucamonga, CA 91729",,,,,"Rancho Cucamonga",CA,"San Bernardino County",91729,US,"TIGER/Line® from the US Census Bureau",,
"Smith Chason College","Los Angeles",California,33.973951,-118.248405,1,place,,,"Los Angeles, CA 90001",,,,,"Los Angeles",CA,"Los Angeles County",90001,US,"TIGER/Line® from the US Census Bureau",,
"California State University-Channel Islands",Camarillo,California,34.227855,-119.079869,1,place,,,"Camarillo, CA 93010",,,,,Camarillo,CA,"Ventura County",93010,US,"TIGER/Line® from the US Census Bureau",,
"West Coast University-Los Angeles","North Hollywood",California,34.1692,-118.372498,1,place,,,"North Hollywood, CA 91601",,,,,"North Hollywood",CA,"Los Angeles County",91601,US,"TIGER/Line® from the US Census Bureau",,
"University of California-Merced",Merced,California,37.345785,-120.42415,1,place,,,"Merced, CA 95340",,,,,Merced,CA,"Merced County",95340,US,"TIGER/Line® from the US Census Bureau",,
"Stanbridge University",Irvine,California,33.757245,-117.750414,1,place,,,"Irvine, CA 92602",,,,,Irvine,CA,"Orange County",92602,US,"TIGER/Line® from the US Census Bureau",,
"American Career College-Ontario",Ontario,California,34.05936,-117.6203,1,place,,,"Ontario, CA 91758",,,,,Ontario,CA,"San Bernardino County",91758,US,"TIGER/Line® from the US Census Bureau",,
"Universal Technical Institute of Northern California Inc",Sacramento,California,38.377411,-121.444429,1,place,,,"Sacramento, CA 94240",,,,,Sacramento,CA,"Sacramento County",94240,US,"TIGER/Line® from the US Census Bureau",,
"Angeles College","Los Angeles",California,33.973951,-118.248405,1,place,,,"Los Angeles, CA 90001",,,,,"Los Angeles",CA,"Los Angeles County",90001,US,"TIGER/Line® from the US Census Bureau",,
"West Coast University-Orange County",Anaheim,California,33.844983,-117.952151,1,place,,,"Anaheim, CA 92801",,,,,Anaheim,CA,"Orange County",92801,US,"TIGER/Line® from the US Census Bureau",,
"West Coast University-Ontario",Ontario,California,34.05936,-117.6203,1,place,,,"Ontario, CA 91758",,,,,Ontario,CA,"San Bernardino County",91758,US,"TIGER/Line® from the US Census Bureau",,
"Platt College-Riverside",Riverside,California,33.99504,-117.373184,1,place,,,"Riverside, CA 92501",,,,,Riverside,CA,"Riverside County",92501,US,"TIGER/Line® from the US Census Bureau",,
"Regis University",Denver,Colorado,39.760189,-104.996553,1,place,,,"Denver, CO 80202",,,,,Denver,CO,"Denver County",80202,US,"TIGER/Line® from the US Census Bureau",,
"Colorado State University Pueblo",Pueblo,Colorado,38.293234,-104.536493,1,place,,,"Pueblo, CO 81001",,,,,Pueblo,CO,"Pueblo County",81001,US,"TIGER/Line® from the US Census Bureau",,
"Platt College-Aurora","Greenwood Village",Colorado,39.645995,-105.011411,1,place,,,"Greenwood Village, CO 80110",,,,,"Greenwood Village",CO,"Arapahoe County",80110,US,"TIGER/Line® from the US Census Bureau",,
"University of Saint Joseph","West Hartford",Connecticut,41.7612,-72.67846,0.9,street_center,"West St",,"Hartford, CT 06106",,"West St",,,Hartford,CT,"Capitol Planning Region",06106,US,"TIGER/Line® from the US Census Bureau",gcod_uss5c9ybxfuavw34,
"Wilmington University","New Castle",Delaware,39.592895,-75.651466,1,place,,,"New Castle, DE 19720",,,,,"New Castle",DE,"New Castle County",19720,US,"TIGER/Line® from the US Census Bureau",,
"Howard University",Washington,"District of
Columbia",38.911936,-77.016719,1,place,,,"Washington, DC 20001",,,,,Washington,DC,"District of Columbia",20001,US,"TIGER/Line® from the US Census Bureau",,
"Barry University",Miami,Florida,25.558428,-80.458168,1,place,,,"Miami, FL 33234",,,,,Miami,FL,"Miami-Dade County",33234,US,"TIGER/Line® from the US Census Bureau",,
"University of Central Florida",Orlando,Florida,28.545179,-81.373291,1,place,,,"Orlando, FL 32801",,,,,Orlando,FL,"Orange County",32801,US,"TIGER/Line® from the US Census Bureau",,
"Chipola College",Marianna,Florida,30.799574,-85.229347,1,place,,,"Marianna, FL 32446",,,,,Marianna,FL,"Jackson County",32446,US,"TIGER/Line® from the US Census Bureau",,
"Florida Agricultural and Mechanical University",Tallahassee,Florida,30.427753,-84.258472,1,place,,,"Tallahassee, FL 32301",,,,,Tallahassee,FL,"Leon County",32301,US,"TIGER/Line® from the US Census Bureau",,
"Florida Atlantic University","Boca Raton",Florida,26.348017,-80.218991,1,place,,,"Boca Raton, FL 33428",,,,,"Boca Raton",FL,"Palm Beach County",33428,US,"TIGER/Line® from the US Census Bureau",,
"AdventHealth University",Orlando,Florida,28.545179,-81.373291,1,place,,,"Orlando, FL 32801",,,,,Orlando,FL,"Orange County",32801,US,"TIGER/Line® from the US Census Bureau",,
"Florida International University",Miami,Florida,25.558428,-80.458168,1,place,,,"Miami, FL 33234",,,,,Miami,FL,"Miami-Dade County",33234,US,"TIGER/Line® from the US Census Bureau",,
"Nova Southeastern University","Fort Lauderdale",Florida,26.121323,-80.127909,1,place,,,"Fort Lauderdale, FL 33301",,,,,"Fort Lauderdale",FL,"Broward County",33301,US,"TIGER/Line® from the US Census Bureau",,
"Santa Fe College",Gainesville,Florida,29.648993,-82.324515,1,place,,,"Gainesville, FL 32601",,,,,Gainesville,FL,"Alachua County",32601,US,"TIGER/Line® from the US Census Bureau",,
"St. Thomas University","Miami Gardens",Florida,25.942038,-80.245605,1,place,,,"Miami Gardens, FL 33017",,,,,"Miami Gardens",FL,"Miami-Dade County",33017,US,"TIGER/Line® from the US Census Bureau",,
"Rasmussen University-Florida",Ocala,Florida,29.198907,-82.087425,1,place,,,"Ocala, FL 34470",,,,,Ocala,FL,"Marion County",34470,US,"TIGER/Line® from the US Census Bureau",,
"Universal Technical Institute-Auto Motorcycle & Marine
Mechanics Institute Division-Orlando",Orlando,Florida,28.545179,-81.373291,1,place,,,"Orlando, FL 32801",,,,,Orlando,FL,"Orange County",32801,US,"TIGER/Line® from the US Census Bureau",,
"Galen College of Nursing-Tampa Bay","Saint Petersburg",Florida,27.775654,-82.64092,1,place,,,"Saint Petersburg, FL 33701",,,,,"Saint Petersburg",FL,"Pinellas County",33701,US,"TIGER/Line® from the US Census Bureau",,
"Academy for Nursing and Health Occupations","West Palm Beach",Florida,26.538269,-80.056751,0.75,street_center,"West Rd",,"Boynton Beach, FL 33435",,"West Rd",,,"Boynton Beach",FL,"Palm Beach County",33435,US,"TIGER/Line® from the US Census Bureau",gcod_uss3etbkjdd6waz8,
"Aviator College of Aeronautical Science and Technology","Fort Pierce",Florida,27.412128,-80.534169,1,place,,,"Fort Pierce, FL 34945",,,,,"Fort Pierce",FL,"St. Lucie County",34945,US,"TIGER/Line® from the US Census Bureau",,
"SABER College",Miami,Florida,25.558428,-80.458168,1,place,,,"Miami, FL 33234",,,,,Miami,FL,"Miami-Dade County",33234,US,"TIGER/Line® from the US Census Bureau",,
"Taylor College",Ocala,Florida,29.198907,-82.087425,1,place,,,"Ocala, FL 34470",,,,,Ocala,FL,"Marion County",34470,US,"TIGER/Line® from the US Census Bureau",,
"Cambridge College of Healthcare & Technology","Delray Beach",Florida,26.457598,-80.081614,1,place,,,"Delray Beach, FL 33444",,,,,"Delray Beach",FL,"Palm Beach County",33444,US,"TIGER/Line® from the US Census Bureau",,
"Polytechnic University of Puerto Rico-Miami",Miami,Florida,25.558428,-80.458168,1,place,,,"Miami, FL 33234",,,,,Miami,FL,"Miami-Dade County",33234,US,"TIGER/Line® from the US Census Bureau",,
"Chamberlain University-Florida",Jacksonville,Florida,30.389438,-81.680806,1,place,,,"Jacksonville, FL 32201",,,,,Jacksonville,FL,"Duval County",32201,US,"TIGER/Line® from the US Census Bureau",,
"Agnes Scott College",Decatur,Georgia,33.772554,-84.291723,1,place,,,"Decatur, GA 30030",,,,,Decatur,GA,"Dekalb County",30030,US,"TIGER/Line® from the US Census Bureau",,
"Albany State University",Albany,Georgia,31.560674,-84.176751,1,place,,,"Albany, GA 31701",,,,,Albany,GA,"Dougherty County",31701,US,"TIGER/Line® from the US Census Bureau",,
"Andrew College",Cuthbert,Georgia,31.731183,-84.832234,1,place,,,"Cuthbert, GA 31740",,,,,Cuthbert,GA,"Randolph County",31740,US,"TIGER/Line® from the US Census Bureau",,
"East Georgia State College",Swainsboro,Georgia,32.569871,-82.346181,1,place,,,"Swainsboro, GA 30401",,,,,Swainsboro,GA,"Emanuel County",30401,US,"TIGER/Line® from the US Census Bureau",,
"Gordon State College",Barnesville,Georgia,33.07577,-84.145706,1,place,,,"Barnesville, GA 30204",,,,,Barnesville,GA,"Lamar County",30204,US,"TIGER/Line® from the US Census Bureau",,
"Mercer University",Macon,Georgia,32.804382,-83.617554,1,place,,,"Macon, GA 31201",,,,,Macon,GA,"Bibb County",31201,US,"TIGER/Line® from the US Census Bureau",,
"Morehouse College",Atlanta,Georgia,33.844371,-84.47405,1,place,,,"Atlanta, GA 30301",,,,,Atlanta,GA,"Cobb County",30301,US,"TIGER/Line® from the US Census Bureau",,
"Oglethorpe University",Atlanta,Georgia,33.844371,-84.47405,1,place,,,"Atlanta, GA 30301",,,,,Atlanta,GA,"Cobb County",30301,US,"TIGER/Line® from the US Census Bureau",,
"Spelman College",Atlanta,Georgia,33.844371,-84.47405,1,place,,,"Atlanta, GA 30301",,,,,Atlanta,GA,"Cobb County",30301,US,"TIGER/Line® from the US Census Bureau",,
"Thomas University",Thomasville,Georgia,30.853592,-83.888269,1,place,,,"Thomasville, GA 31757",,,,,Thomasville,GA,"Thomas County",31757,US,"TIGER/Line® from the US Census Bureau",,
"Oconee Fall Line Technical College",Sandersville,Georgia,32.974982,-82.840564,1,place,,,"Sandersville, GA 31082",,,,,Sandersville,GA,"Washington County",31082,US,"TIGER/Line® from the US Census Bureau",,
"Aviation Institute of Maintenance-Atlanta",Duluth,Georgia,34.025598,-84.13045,1,place,,,"Duluth, GA 30095",,,,,Duluth,GA,"Gwinnett County",30095,US,"TIGER/Line® from the US Census Bureau",,
"Strayer University-Georgia",Chamblee,Georgia,33.892047,-84.298813,1,place,,,"Chamblee, GA 30341",,,,,Chamblee,GA,"Dekalb County",30341,US,"TIGER/Line® from the US Census Bureau",,
"Chamberlain University-Georgia","Sandy Springs",Georgia,33.924269,-84.378538,1,place,,,"Sandy Springs, GA 30328",,,,,"Sandy Springs",GA,"Fulton County",30328,US,"TIGER/Line® from the US Census Bureau",,
"College of Eastern Idaho","Idaho Falls",Idaho,43.54241,-111.877936,1,place,,,"Idaho Falls, ID 83401",,,,,"Idaho Falls",ID,"Bonneville County",83401,US,"TIGER/Line® from the US Census Bureau",,
"DePaul University",Chicago,Illinois,41.88531,-87.62213,1,place,,,"Chicago, IL 60601",,,,,Chicago,IL,"Cook County",60601,US,"TIGER/Line® from the US Census Bureau",,
"Eastern Illinois University",Charleston,Illinois,39.499622,-88.160348,1,place,,,"Charleston, IL 61920",,,,,Charleston,IL,"Coles County",61920,US,"TIGER/Line® from the US Census Bureau",,
"University of Illinois Chicago",Chicago,Illinois,41.88531,-87.62213,1,place,,,"Chicago, IL 60601",,,,,Chicago,IL,"Cook County",60601,US,"TIGER/Line® from the US Census Bureau",,
"Benedictine University",Lisle,Illinois,41.80114,-88.07479,1,place,,,"Lisle, IL 60532",,,,,Lisle,IL,"Dupage County",60532,US,"TIGER/Line® from the US Census Bureau",,
"Illinois Institute of Technology",Chicago,Illinois,41.88531,-87.62213,1,place,,,"Chicago, IL 60601",,,,,Chicago,IL,"Cook County",60601,US,"TIGER/Line® from the US Census Bureau",,
"Illinois State University",Normal,Illinois,40.529083,-88.958937,1,place,,,"Normal, IL 61761",,,,,Normal,IL,"McLean County",61761,US,"TIGER/Line® from the US Census Bureau",,
"Lewis University",Romeoville,Illinois,41.64038,-88.069621,1,place,,,"Romeoville, IL 60446",,,,,Romeoville,IL,"Will County",60446,US,"TIGER/Line® from the US Census Bureau",,
"Methodist College",Peoria,Illinois,40.693137,-89.589847,1,place,,,"Peoria, IL 61601",,,,,Peoria,IL,"Peoria County",61601,US,"TIGER/Line® from the US Census Bureau",,
"University of St Francis",Joliet,Illinois,41.509668,-88.180211,1,place,,,"Joliet, IL 60431",,,,,Joliet,IL,"Will County",60431,US,"TIGER/Line® from the US Census Bureau",,
"Southern Illinois University-Carbondale",Carbondale,Illinois,37.739004,-89.209109,1,place,,,"Carbondale, IL 62901",,,,,Carbondale,IL,"Jackson County",62901,US,"TIGER/Line® from the US Census Bureau",,
"Western Illinois University",Macomb,Illinois,40.459904,-90.660675,1,place,,,"Macomb, IL 61455",,,,,Macomb,IL,"McDonough County",61455,US,"TIGER/Line® from the US Census Bureau",,
"Rasmussen University-Illinois",Rockford,Illinois,42.33342,-89.157198,1,place,,,"Rockford, IL 61101",,,,,Rockford,IL,"Winnebago County",61101,US,"TIGER/Line® from the US Census Bureau",,
"Chamberlain University-Illinois",Addison,Illinois,41.93106,-88.01305,1,place,,,"Addison, IL 60101",,,,,Addison,IL,"Dupage County",60101,US,"TIGER/Line® from the US Census Bureau",,
"Ball State University",Muncie,Indiana,40.142124,-85.389874,1,place,,,"Muncie, IN 47302",,,,,Muncie,IN,"Delaware County",47302,US,"TIGER/Line® from the US Census Bureau",,
"University of Saint Francis-Fort Wayne","Fort Wayne",Indiana,41.065397,-85.15842,1,place,,,"Fort Wayne, IN 46802",,,,,"Fort Wayne",IN,"Allen County",46802,US,"TIGER/Line® from the US Census Bureau",,
"Chamberlain University-Indiana",Indianapolis,Indiana,39.775092,-86.13216,1,place,,,"Indianapolis, IN 46201",,,,,Indianapolis,IN,"Marion County",46201,US,"TIGER/Line® from the US Census Bureau",,
"Mercy College of Health Sciences","Des Moines",Iowa,41.672687,-93.572173,1,place,,,"Des Moines, IA 50301",,,,,"Des Moines",IA,"Polk County",50301,US,"TIGER/Line® from the US Census Bureau",,
"Northwest Iowa Community College",Sheldon,Iowa,43.170886,-95.792885,1,place,,,"Sheldon, IA 51201",,,,,Sheldon,IA,"O'Brien County",51201,US,"TIGER/Line® from the US Census Bureau",,
"St Luke's College","Sioux City",Iowa,42.494745,-96.399356,1,place,,,"Sioux City, IA 51101",,,,,"Sioux City",IA,"Woodbury County",51101,US,"TIGER/Line® from the US Census Bureau",,
"Baker University","Baldwin City",Kansas,38.821502,-95.223906,1,place,,,"Baldwin City, KS 66006",,,,,"Baldwin City",KS,"Douglas County",66006,US,"TIGER/Line® from the US Census Bureau",,
"Emporia State University",Emporia,Kansas,38.434153,-96.152766,1,place,,,"Emporia, KS 66801",,,,,Emporia,KS,"Lyon County",66801,US,"TIGER/Line® from the US Census Bureau",,
"Flint Hills Technical College",Emporia,Kansas,38.434153,-96.152766,1,place,,,"Emporia, KS 66801",,,,,Emporia,KS,"Lyon County",66801,US,"TIGER/Line® from the US Census Bureau",,
"Haskell Indian Nations University",Lawrence,Kansas,39.023294,-95.208909,1,place,,,"Lawrence, KS 66044",,,,,Lawrence,KS,"Douglas County",66044,US,"TIGER/Line® from the US Census Bureau",,
"Hesston College",Hesston,Kansas,38.137404,-97.443222,1,place,,,"Hesston, KS 67062",,,,,Hesston,KS,"Harvey County",67062,US,"TIGER/Line® from the US Census Bureau",,
"Highland Community College",Highland,Kansas,39.878677,-95.227692,1,place,,,"Highland, KS 66035",,,,,Highland,KS,"Doniphan County",66035,US,"TIGER/Line® from the US Census Bureau",,
"Hutchinson Community College",Hutchinson,Kansas,37.954312,-97.88569,1,place,,,"Hutchinson, KS 67501",,,,,Hutchinson,KS,"Reno County",67501,US,"TIGER/Line® from the US Census Bureau",,
"Manhattan Area Technical College",Manhattan,Kansas,39.209375,-96.564589,1,place,,,"Manhattan, KS 66502",,,,,Manhattan,KS,"Riley County",66502,US,"TIGER/Line® from the US Census Bureau",,
"North Central Kansas Technical College",Beloit,Kansas,39.441631,-98.119189,1,place,,,"Beloit, KS 67420",,,,,Beloit,KS,"Mitchell County",67420,US,"TIGER/Line® from the US Census Bureau",,
"Ottawa University-Ottawa",Ottawa,Kansas,38.564337,-95.282668,1,place,,,"Ottawa, KS 66067",,,,,Ottawa,KS,"Franklin County",66067,US,"TIGER/Line® from the US Census Bureau",,
"Pittsburg State University",Pittsburg,Kansas,37.41088,-94.70496,1,place,,,"Pittsburg, KS 66762",,,,,Pittsburg,KS,"Crawford County",66762,US,"TIGER/Line® from the US Census Bureau",,
"Pratt Community College",Pratt,Kansas,37.63857,-98.758512,1,place,,,"Pratt, KS 67124",,,,,Pratt,KS,"Pratt County",67124,US,"TIGER/Line® from the US Census Bureau",,
"University of Saint Mary",Leavenworth,Kansas,39.279656,-94.982216,1,place,,,"Leavenworth, KS 66048",,,,,Leavenworth,KS,"Leavenworth County",66048,US,"TIGER/Line® from the US Census Bureau",,
"Cleveland University-Kansas City","Overland Park",Kansas,39.02315,-94.669467,1,place,,,"Overland Park, KS 66202",,,,,"Overland Park",KS,"Johnson County",66202,US,"TIGER/Line® from the US Census Bureau",,
"Bellarmine University",Louisville,Kentucky,38.25247,-85.753812,1,place,,,"Louisville, KY 40202",,,,,Louisville,KY,"Jefferson County",40202,US,"TIGER/Line® from the US Census Bureau",,
"Galen College of Nursing-Louisville",Louisville,Kentucky,38.25247,-85.753812,1,place,,,"Louisville, KY 40202",,,,,Louisville,KY,"Jefferson County",40202,US,"TIGER/Line® from the US Census Bureau",,
"Eastern Kentucky University",Richmond,Kentucky,37.764867,-84.296913,1,place,,,"Richmond, KY 40475",,,,,Richmond,KY,"Madison County",40475,US,"TIGER/Line® from the US Census Bureau",,
"Henderson Community College",Henderson,Kentucky,37.807173,-87.599052,1,place,,,"Henderson, KY 42419",,,,,Henderson,KY,"Henderson County",42419,US,"TIGER/Line® from the US Census Bureau",,
"University of Louisville",Louisville,Kentucky,38.25247,-85.753812,1,place,,,"Louisville, KY 40202",,,,,Louisville,KY,"Jefferson County",40202,US,"TIGER/Line® from the US Census Bureau",,
"Spalding University",Louisville,Kentucky,38.25247,-85.753812,1,place,,,"Louisville, KY 40202",,,,,Louisville,KY,"Jefferson County",40202,US,"TIGER/Line® from the US Census Bureau",,
"ITI Technical College","Baton Rouge",Louisiana,30.44924,-91.185607,1,place,,,"Baton Rouge, LA 70801",,,,,"Baton Rouge",LA,"East Baton Rouge Parish",70801,US,"TIGER/Line® from the US Census Bureau",,
"University of Holy Cross","New Orleans",Louisiana,29.958304,-90.077,1,place,,,"New Orleans, LA 70112",,,,,"New Orleans",LA,"Orleans Parish",70112,US,"TIGER/Line® from the US Census Bureau",,
"Northshore Technical Community College",Lacombe,Louisiana,30.386606,-89.900397,1,place,,,"Lacombe, LA 70445",,,,,Lacombe,LA,"St. Tammany Parish",70445,US,"TIGER/Line® from the US Census Bureau",,
"Xavier University of Louisiana","New Orleans",Louisiana,29.958304,-90.077,1,place,,,"New Orleans, LA 70112",,,,,"New Orleans",LA,"Orleans Parish",70112,US,"TIGER/Line® from the US Census Bureau",,
"Herzing University-New Orleans",Metairie,Louisiana,29.984643,-90.161821,1,place,,,"Metairie, LA 70001",,,,,Metairie,LA,"Jefferson Parish",70001,US,"TIGER/Line® from the US Census Bureau",,
"Maine College of Health Professions",Lewiston,Maine,44.086323,-70.169297,1,place,,,"Lewiston, ME 04240",,,,,Lewiston,ME,"Androscoggin County",04240,US,"TIGER/Line® from the US Census Bureau",,
"Kennebec Valley Community College",Fairfield,Maine,44.646261,-69.680158,1,place,,,"Fairfield, ME 04937",,,,,Fairfield,ME,"Somerset County",04937,US,"TIGER/Line® from the US Census Bureau",,
"University of Maine at Fort Kent","Fort Kent",Maine,47.26484,-68.58101,1,place,,,"Fort Kent, ME 04743",,,,,"Fort Kent",ME,"Aroostook County",04743,US,"TIGER/Line® from the US Census Bureau",,
"Capitol Technology University",Laurel,Maryland,39.093136,-76.881945,1,place,,,"Laurel, MD 20707",,,,,Laurel,MD,"Prince George's County",20707,US,"TIGER/Line® from the US Census Bureau",,
"Washington Adventist University","Takoma Park",Maryland,38.98236,-77.005798,1,place,,,"Takoma Park, MD 20912",,,,,"Takoma Park",MD,"Montgomery County",20912,US,"TIGER/Line® from the US Census Bureau",,
"Frostburg State University",Frostburg,Maryland,39.64206,-78.912502,1,place,,,"Frostburg, MD 21532",,,,,Frostburg,MD,"Allegany County",21532,US,"TIGER/Line® from the US Census Bureau",,
"University of Maryland Global Campus",Adelphi,Maryland,39.713941,-76.651296,1,place,,,"Maryland Line, MD 21105",,,,,"Maryland Line",MD,"Baltimore County",21105,US,"TIGER/Line® from the US Census Bureau",,
"University of Maryland Eastern Shore","Princess Anne",Maryland,38.200553,-75.75292,1,place,,,"Princess Anne, MD 21853",,,,,"Princess Anne",MD,"Somerset County",21853,US,"TIGER/Line® from the US Census Bureau",,
"Notre Dame of Maryland University",Baltimore,Maryland,39.296536,-76.623489,1,place,,,"Baltimore, MD 21201",,,,,Baltimore,MD,"Baltimore City",21201,US,"TIGER/Line® from the US Census Bureau",,
"Cambridge College",Boston,Massachusetts,42.354318,-71.073449,1,place,,,"Boston, MA 02106",,,,,Boston,MA,"Suffolk County",02106,US,"TIGER/Line® from the US Census Bureau",,
"Laboure College of Healthcare",Milton,Massachusetts,42.240598,-71.078494,1,place,,,"Milton, MA 02186",,,,,Milton,MA,"Norfolk County",02186,US,"TIGER/Line® from the US Census Bureau",,
"MCPHS University",Boston,Massachusetts,42.354318,-71.073449,1,place,,,"Boston, MA 02106",,,,,Boston,MA,"Suffolk County",02106,US,"TIGER/Line® from the US Census Bureau",,
"University of Massachusetts-Dartmouth","North Dartmouth",Massachusetts,41.756214,-71.067062,1,place,,,"Dartmouth, MA 02714",,,,,Dartmouth,MA,"Bristol County",02714,US,"TIGER/Line® from the US Census Bureau",,
"Wentworth Institute of Technology",Boston,Massachusetts,42.354318,-71.073449,1,place,,,"Boston, MA 02106",,,,,Boston,MA,"Suffolk County",02106,US,"TIGER/Line® from the US Census Bureau",,
"Albion College",Albion,Michigan,42.2906,-84.792885,1,place,,,"Albion, MI 49224",,,,,Albion,MI,"Calhoun County",49224,US,"TIGER/Line® from the US Census Bureau",,
"Alpena Community College",Alpena,Michigan,45.033143,-83.495091,1,place,,,"Alpena, MI 49707",,,,,Alpena,MI,"Alpena County",49707,US,"TIGER/Line® from the US Census Bureau",,
"Central Michigan University","Mount Pleasant",Michigan,43.640574,-84.847417,1,place,,,"Mount Pleasant, MI 48804",,,,,"Mount Pleasant",MI,"Isabella County",48804,US,"TIGER/Line® from the US Census Bureau",,
"Cleary University",Howell,Michigan,42.575483,-83.923411,1,place,,,"Howell, MI 48843",,,,,Howell,MI,"Livingston County",48843,US,"TIGER/Line® from the US Census Bureau",,
"College for Creative Studies",Detroit,Michigan,42.347021,-83.060184,1,place,,,"Detroit, MI 48201",,,,,Detroit,MI,"Wayne County",48201,US,"TIGER/Line® from the US Census Bureau",,
"MIAT College of Technology",Canton,Michigan,42.325573,-83.483576,1,place,,,"Canton, MI 48187",,,,,Canton,MI,"Wayne County",48187,US,"TIGER/Line® from the US Census Bureau",,
"University of Detroit Mercy",Detroit,Michigan,42.347021,-83.060184,1,place,,,"Detroit, MI 48201",,,,,Detroit,MI,"Wayne County",48201,US,"TIGER/Line® from the US Census Bureau",,
"Ferris State University","Big Rapids",Michigan,43.69808,-85.48366,1,place,,,"Big Rapids, MI 49307",,,,,"Big Rapids",MI,"Mecosta County",49307,US,"TIGER/Line® from the US Census Bureau",,
"University of Michigan-Dearborn",Dearborn,Michigan,42.310037,-83.177625,1,place,,,"Dearborn, MI 48120",,,,,Dearborn,MI,"Wayne County",48120,US,"TIGER/Line® from the US Census Bureau",,
"University of Michigan-Flint",Flint,Michigan,42.965926,-83.780835,1,place,,,"Flint, MI 48501",,,,,Flint,MI,"Genesee County",48501,US,"TIGER/Line® from the US Census Bureau",,
"Siena Heights University",Adrian,Michigan,41.889943,-84.065892,1,place,,,"Adrian, MI 49221",,,,,Adrian,MI,"Lenawee County",49221,US,"TIGER/Line® from the US Census Bureau",,
"Bay Mills Community College",Brimley,Michigan,46.389131,-84.698136,1,place,,,"Brimley, MI 49715",,,,,Brimley,MI,"Chippewa County",49715,US,"TIGER/Line® from the US Census Bureau",,
"Walden University",Minneapolis,Minnesota,44.984577,-93.269097,1,place,,,"Minneapolis, MN 55401",,,,,Minneapolis,MN,"Hennepin County",55401,US,"TIGER/Line® from the US Census Bureau",,
"University of Minnesota-Duluth",Duluth,Minnesota,47.005566,-92.001934,1,place,,,"Duluth, MN 55801",,,,,Duluth,MN,"St. Louis County",55801,US,"TIGER/Line® from the US Census Bureau",,
"University of St Thomas","Saint Paul",Minnesota,44.951483,-93.090649,1,place,,,"Saint Paul, MN 55101",,,,,"Saint Paul",MN,"Ramsey County",55101,US,"TIGER/Line® from the US Census Bureau",,
"St Catherine University","Saint Paul",Minnesota,44.951483,-93.090649,1,place,,,"Saint Paul, MN 55101",,,,,"Saint Paul",MN,"Ramsey County",55101,US,"TIGER/Line® from the US Census Bureau",,
"Capella University",Minneapolis,Minnesota,44.984577,-93.269097,1,place,,,"Minneapolis, MN 55401",,,,,Minneapolis,MN,"Hennepin County",55401,US,"TIGER/Line® from the US Census Bureau",,
"Leech Lake Tribal College","Cass Lake",Minnesota,47.327719,-94.476853,1,place,,,"Cass Lake, MN 56633",,,,,"Cass Lake",MN,"Cass County",56633,US,"TIGER/Line® from the US Census Bureau",,
"White Earth Tribal and Community College",Mahnomen,Minnesota,47.287889,-95.939586,1,place,,,"Mahnomen, MN 56557",,,,,Mahnomen,MN,"Mahnomen County",56557,US,"TIGER/Line® from the US Census Bureau",,
"University of Minnesota-Rochester",Rochester,Minnesota,44.075285,-92.516916,1,place,,,"Rochester, MN 55901",,,,,Rochester,MN,"Olmsted County",55901,US,"TIGER/Line® from the US Census Bureau",,
"Alcorn State University","Alcorn State",Mississippi,34.936912,-88.558633,1,street_center,"Alcorn Dr",,"Corinth, MS 38834",,"Alcorn Dr",,,Corinth,MS,"Alcorn County",38834,US,"TIGER/Line® from the US Census Bureau",gcod_ussvwwttz36u69ge,
"Mississippi University for Women",Columbus,Mississippi,33.393933,-88.504719,1,place,,,"Columbus, MS 39701",,,,,Columbus,MS,"Lowndes County",39701,US,"TIGER/Line® from the US Census Bureau",,
"Cox College",Springfield,Missouri,37.25807,-93.343673,1,place,,,"Springfield, MO 65801",,,,,Springfield,MO,"Greene County",65801,US,"TIGER/Line® from the US Census Bureau",,
"Maryville University of Saint Louis","Saint Louis",Missouri,38.631501,-90.19231,1,place,,,"Saint Louis, MO 63101",,,,,"Saint Louis",MO,"St. Louis City",63101,US,"TIGER/Line® from the US Census Bureau",,
"Moberly Area Community College",Moberly,Missouri,39.425513,-92.428348,1,place,,,"Moberly, MO 65270",,,,,Moberly,MO,"Randolph County",65270,US,"TIGER/Line® from the US Census Bureau",,
"Park University",Parkville,Missouri,39.195003,-94.682181,1,place,,,"Parkville, MO 64152",,,,,Parkville,MO,"Platte County",64152,US,"TIGER/Line® from the US Census Bureau",,
"Ranken Technical College","Saint Louis",Missouri,38.631501,-90.19231,1,place,,,"Saint Louis, MO 63101",,,,,"Saint Louis",MO,"St. Louis City",63101,US,"TIGER/Line® from the US Census Bureau",,
"Rockhurst University","Kansas City",Missouri,39.102404,-94.598583,1,place,,,"Kansas City, MO 64101",,,,,"Kansas City",MO,"Jackson County",64101,US,"TIGER/Line® from the US Census Bureau",,
"Missouri State University-West Plains","West Plains",Missouri,36.74651,-91.882912,1,place,,,"West Plains, MO 65775",,,,,"West Plains",MO,"Howell County",65775,US,"TIGER/Line® from the US Census Bureau",,
"North Central Missouri College",Trenton,Missouri,40.083658,-93.598888,1,place,,,"Trenton, MO 64683",,,,,Trenton,MO,"Grundy County",64683,US,"TIGER/Line® from the US Census Bureau",,
"William Jewell College",Liberty,Missouri,39.298945,-94.436314,1,place,,,"Liberty, MO 64068",,,,,Liberty,MO,"Clay County",64068,US,"TIGER/Line® from the US Census Bureau",,
"Southeast Missouri Hospital College of Nursing and Health
Sciences","Cape Girardeau",Missouri,37.335289,-89.574605,1,place,,,"Cape Girardeau, MO 63701",,,,,"Cape Girardeau",MO,"Cape Girardeau County",63701,US,"TIGER/Line® from the US Census Bureau",,
"Chamberlain University-Missouri","St. Louis",Missouri,38.631501,-90.19231,1,place,,,"Saint Louis, MO 63101",,,,,"Saint Louis",MO,"St. Louis City",63101,US,"TIGER/Line® from the US Census Bureau",,
"Blackfeet Community College",Browning,Montana,48.55692,-113.01342,1,place,,,"Browning, MT 59417",,,,,Browning,MT,"Glacier County",59417,US,"TIGER/Line® from the US Census Bureau",,
"Highlands College of Montana Tech",Butte,Montana,45.997895,-112.598765,1,place,,,"Butte, MT 59701",,,,,Butte,MT,"Silver Bow County",59701,US,"TIGER/Line® from the US Census Bureau",,
"Aaniiih Nakoda College",Harlem,Montana,48.655123,-108.818157,1,place,,,"Harlem, MT 59526",,,,,Harlem,MT,"Blaine County",59526,US,"TIGER/Line® from the US Census Bureau",,
"Fort Peck Community College",Poplar,Montana,48.115522,-105.189701,1,place,,,"Poplar, MT 59255",,,,,Poplar,MT,"Roosevelt County",59255,US,"TIGER/Line® from the US Census Bureau",,
"Little Big Horn College","Crow Agency",Montana,45.608203,-107.469868,1,place,,,"Crow Agency, MT 59022",,,,,"Crow Agency",MT,"Big Horn County",59022,US,"TIGER/Line® from the US Census Bureau",,
"Miles Community College","Miles City",Montana,46.447808,-105.795343,1,place,,,"Miles City, MT 59301",,,,,"Miles City",MT,"Custer County",59301,US,"TIGER/Line® from the US Census Bureau",,
"Salish Kootenai College",Pablo,Montana,47.60021,-114.119,1,place,,,"Pablo, MT 59855",,,,,Pablo,MT,"Lake County",59855,US,"TIGER/Line® from the US Census Bureau",,
"Bellevue University",Bellevue,Nebraska,41.132948,-95.903956,1,place,,,"Bellevue, NE 68005",,,,,Bellevue,NE,"Sarpy County",68005,US,"TIGER/Line® from the US Census Bureau",,
"Clarkson College",Omaha,Nebraska,41.262003,-95.933564,1,place,,,"Omaha, NE 68102",,,,,Omaha,NE,"Douglas County",68102,US,"TIGER/Line® from the US Census Bureau",,
"Nebraska Methodist College of Nursing & Allied Health",Omaha,Nebraska,41.262003,-95.933564,1,place,,,"Omaha, NE 68102",,,,,Omaha,NE,"Douglas County",68102,US,"TIGER/Line® from the US Census Bureau",,
"College of Saint Mary",Omaha,Nebraska,41.262003,-95.933564,1,place,,,"Omaha, NE 68102",,,,,Omaha,NE,"Douglas County",68102,US,"TIGER/Line® from the US Census Bureau",,
"Little Priest Tribal College",Winnebago,Nebraska,42.238161,-96.472847,1,place,,,"Winnebago, NE 68071",,,,,Winnebago,NE,"Thurston County",68071,US,"TIGER/Line® from the US Census Bureau",,
"New Jersey Institute of Technology",Newark,"New Jersey",40.735642,-74.173988,1,place,,,"Newark, NJ 07102",,,,,Newark,NJ,"Essex County",07102,US,"TIGER/Line® from the US Census Bureau",,
"Rutgers University-Newark",Newark,"New Jersey",40.735642,-74.173988,1,place,,,"Newark, NJ 07102",,,,,Newark,NJ,"Essex County",07102,US,"TIGER/Line® from the US Census Bureau",,
"Rutgers University-Camden",Camden,"New Jersey",39.80237,-74.938259,1,place,,,"Camden, NJ 08101",,,,,Camden,NJ,"Camden County",08101,US,"TIGER/Line® from the US Census Bureau",,
"Seton Hall University","South Orange","New Jersey",40.723788,-74.176465,0.75,street_center,"South St",,"Newark, NJ 07102",,"South St",,,Newark,NJ,"Essex County",07102,US,"TIGER/Line® from the US Census Bureau",gcod_uss8zxxf8kyzkqld,
"Eastwick College-Ramsey",Ramsey,"New Jersey",41.059124,-74.133441,1,place,,,"Ramsey, NJ 07446",,,,,Ramsey,NJ,"Bergen County",07446,US,"TIGER/Line® from the US Census Bureau",,
"Felician University",Lodi,"New Jersey",40.878349,-74.081335,1,place,,,"Lodi, NJ 07644",,,,,Lodi,NJ,"Bergen County",07644,US,"TIGER/Line® from the US Census Bureau",,
"Jersey College",Teterboro,"New Jersey",40.863954,-74.055584,1,place,,,"Teterboro, NJ 07608",,,,,Teterboro,NJ,"Bergen County",07608,US,"TIGER/Line® from the US Census Bureau",,
"Best Care College","East Orange","New Jersey",40.7704,-74.23674,1,place,,,"Orange, NJ 07050",,,,,Orange,NJ,"Essex County",07050,US,"TIGER/Line® from the US Census Bureau",,
"New Mexico State University-Dona Ana","Las Cruces","New Mexico",32.290052,-106.753893,1,place,,,"Las Cruces, NM 88001",,,,,"Las Cruces",NM,"Doña Ana County",88001,US,"TIGER/Line® from the US Census Bureau",,
"New Mexico Military Institute",Roswell,"New Mexico",33.637061,-104.377926,1,place,,,"Roswell, NM 88201",,,,,Roswell,NM,"Chaves County",88201,US,"TIGER/Line® from the US Census Bureau",,
"University of New Mexico-Los Alamos Campus","Los Alamos","New Mexico",35.849514,-106.288482,1,place,,,"Los Alamos, NM 87544",,,,,"Los Alamos",NM,"Los Alamos County",87544,US,"TIGER/Line® from the US Census Bureau",,
"New Mexico State University-Alamogordo",Alamogordo,"New Mexico",32.870046,-105.948967,1,place,,,"Alamogordo, NM 88310",,,,,Alamogordo,NM,"Otero County",88310,US,"TIGER/Line® from the US Census Bureau",,
"New Mexico State University-Grants",Grants,"New Mexico",35.14726,-107.85145,1,place,,,"Grants, NM 87020",,,,,Grants,NM,"Cibola County",87020,US,"TIGER/Line® from the US Census Bureau",,
"Northern New Mexico College",Espanola,"New Mexico",35.993867,-106.088977,1,place,,,"Espanola, NM 87532",,,,,Espanola,NM,"Rio Arriba County",87532,US,"TIGER/Line® from the US Census Bureau",,
"Southwestern Indian Polytechnic Institute",Albuquerque,"New Mexico",35.199592,-106.644831,1,place,,,"Albuquerque, NM 87101",,,,,Albuquerque,NM,"Sandoval County",87101,US,"TIGER/Line® from the US Census Bureau",,
"Vaughn College of Aeronautics and Technology",Flushing,"New York",40.766382,-73.82619,1,place,,,"Flushing, NY 11354",,,,,Flushing,NY,"Queens County",11354,US,"TIGER/Line® from the US Census Bureau",,
"Arnot Ogden Medical Center",Elmira,"New York",42.082585,-76.71857,1,place,,,"Elmira, NY 14901",,,,,Elmira,NY,"Chemung County",14901,US,"TIGER/Line® from the US Census Bureau",,
"St Paul's School of Nursing-Queens","Rego Park","New York",40.722861,-73.862069,1,place,,,"Rego Park, NY 11374",,,,,"Rego Park",NY,"Queens County",11374,US,"TIGER/Line® from the US Census Bureau",,
"Columbia-Greene Community College",Hudson,"New York",42.184313,-73.742997,1,place,,,"Hudson, NY 12534",,,,,Hudson,NY,"Columbia County",12534,US,"TIGER/Line® from the US Census Bureau",,
"Pomeroy College of Nursing at Crouse Hospital","East Syracuse","New York",43.006593,-76.184214,0.87,street_center,"East Ave",,"Syracuse, NY 13215",,"East Ave",,,Syracuse,NY,"Onondaga County",13215,US,"TIGER/Line® from the US Census Bureau",gcod_uss3bvv7t2cymlzf,
"CUNY Bernard M Baruch College","New York","New York",40.750422,-73.996328,1,place,,,"New York, NY 10001",,,,,"New York",NY,"New York County",10001,US,"TIGER/Line® from the US Census Bureau",,
"CUNY Lehman College",Bronx,"New York",40.819329,-73.920355,1,place,,,"Bronx, NY 10451",,,,,Bronx,NY,"Bronx County",10451,US,"TIGER/Line® from the US Census Bureau",,
"Dominican University New York",Orangeburg,"New York",41.04869,-73.941,1,place,,,"Orangeburg, NY 10962",,,,,Orangeburg,NY,"Rockland County",10962,US,"TIGER/Line® from the US Census Bureau",,
"Belanger School of Nursing",Schenectady,"New York",42.880035,-73.991321,1,place,,,"Schenectady, NY 12302",,,,,Schenectady,NY,"Schenectady County",12302,US,"TIGER/Line® from the US Census Bureau",,
"Fashion Institute of Technology","New York","New York",40.750422,-73.996328,1,place,,,"New York, NY 10001",,,,,"New York",NY,"New York County",10001,US,"TIGER/Line® from the US Census Bureau",,
"Helene Fuld College of Nursing","New York","New York",40.750422,-73.996328,1,place,,,"New York, NY 10001",,,,,"New York",NY,"New York County",10001,US,"TIGER/Line® from the US Census Bureau",,
"LIM College","New York","New York",40.750422,-73.996328,1,place,,,"New York, NY 10001",,,,,"New York",NY,"New York County",10001,US,"TIGER/Line® from the US Census Bureau",,
"Long Island University",Brookville,"New York",42.921171,-78.212516,1,place,,,"Brookville, NY 14005",,,,,Brookville,NY,"Genesee County",14005,US,"TIGER/Line® from the US Census Bureau",,
"Manhattan College",Riverdale,"New York",40.90056,-73.90639,1,place,,,"Riverdale, NY 10471",,,,,Riverdale,NY,"Bronx County",10471,US,"TIGER/Line® from the US Census Bureau",,
"Maria College of Albany",Albany,"New York",42.614852,-73.970812,1,place,,,"Albany, NY 12201",,,,,Albany,NY,"Albany County",12201,US,"TIGER/Line® from the US Census Bureau",,
"St. Peter's Hospital College of Nursing",Albany,"New York",42.614852,-73.970812,1,place,,,"Albany, NY 12201",,,,,Albany,NY,"Albany County",12201,US,"TIGER/Line® from the US Census Bureau",,
"Molloy University","Rockville Centre","New York",40.667352,-73.638523,1,place,,,"Rockville Centre, NY 11570",,,,,"Rockville Centre",NY,"Nassau County",11570,US,"TIGER/Line® from the US Census Bureau",,
"Mount Saint Mary College",Newburgh,"New York",41.539574,-74.057223,1,place,,,"Newburgh, NY 12550",,,,,Newburgh,NY,"Orange County",12550,US,"TIGER/Line® from the US Census Bureau",,
"College of Mount Saint Vincent",Bronx,"New York",40.819329,-73.920355,1,place,,,"Bronx, NY 10451",,,,,Bronx,NY,"Bronx County",10451,US,"TIGER/Line® from the US Census Bureau",,
"New York Institute of Technology","Old Westbury","New York",40.78871,-73.59957,1,place,,,"Old Westbury, NY 11568",,,,,"Old Westbury",NY,"Nassau County",11568,US,"TIGER/Line® from the US Census Bureau",,
"Pace University","New York","New York",40.750422,-73.996328,1,place,,,"New York, NY 10001",,,,,"New York",NY,"New York County",10001,US,"TIGER/Line® from the US Census Bureau",,
"St. Francis College",Brooklyn,"New York",40.694481,-73.989319,1,place,,,"Brooklyn, NY 11201",,,,,Brooklyn,NY,"Kings County",11201,US,"TIGER/Line® from the US Census Bureau",,
"St. Joseph's College of Nursing",Syracuse,"New York",43.02143,-76.197701,1,place,,,"Syracuse, NY 13201",,,,,Syracuse,NY,"Onondaga County",13201,US,"TIGER/Line® from the US Census Bureau",,
"Samaritan Hospital School of Nursing",Troy,"New York",42.748588,-73.599536,1,place,,,"Troy, NY 12180",,,,,Troy,NY,"Rensselaer County",12180,US,"TIGER/Line® from the US Census Bureau",,
"St. John's University-New York",Queens,"New York",40.745263,-73.711159,1,place,,,"Queens, NY 11004",,,,,Queens,NY,"Queens County",11004,US,"TIGER/Line® from the US Census Bureau",,
"SUNY College of Technology at Alfred",Alfred,"New York",42.25424,-77.79055,1,place,,,"Alfred, NY 14802",,,,,Alfred,NY,"Allegany County",14802,US,"TIGER/Line® from the US Census Bureau",,
"SUNY Polytechnic Institute",Utica,"New York",43.077369,-75.233208,1,place,,,"Utica, NY 13501",,,,,Utica,NY,"Oneida County",13501,US,"TIGER/Line® from the US Census Bureau",,
"SUNY Cortland",Cortland,"New York",42.614268,-76.120128,1,place,,,"Cortland, NY 13045",,,,,Cortland,NY,"Cortland County",13045,US,"TIGER/Line® from the US Census Bureau",,
"SUNY at Fredonia",Fredonia,"New York",42.412217,-79.319254,1,place,,,"Fredonia, NY 14063",,,,,Fredonia,NY,"Chautauqua County",14063,US,"TIGER/Line® from the US Census Bureau",,
"SUNY Oneonta",Oneonta,"New York",42.461688,-75.096727,1,place,,,"Oneonta, NY 13820",,,,,Oneonta,NY,"Otsego County",13820,US,"TIGER/Line® from the US Census Bureau",,
"Trocaire College",Buffalo,"New York",42.89606,-78.886424,1,place,,,"Buffalo, NY 14201",,,,,Buffalo,NY,"Erie County",14201,US,"TIGER/Line® from the US Census Bureau",,
"Cabarrus College of Health Sciences",Concord,"North Carolina",35.371633,-80.562141,1,place,,,"Concord, NC 28025",,,,,Concord,NC,"Cabarrus County",28025,US,"TIGER/Line® from the US Census Bureau",,
"Sampson Community College",Clinton,"North Carolina",35.006676,-78.415415,1,place,,,"Clinton, NC 28328",,,,,Clinton,NC,"Sampson County",28328,US,"TIGER/Line® from the US Census Bureau",,
"Winston-Salem State University",Winston-Salem,"North Carolina",36.111102,-80.200493,1,place,,,"Winston Salem, NC 27101",,,,,"Winston Salem",NC,"Forsyth County",27101,US,"TIGER/Line® from the US Census Bureau",,
"NASCAR Technical Institute",Mooresville,"North Carolina",35.58458,-80.778871,1,place,,,"Mooresville, NC 28115",,,,,Mooresville,NC,"Iredell County",28115,US,"TIGER/Line® from the US Census Bureau",,
"MyComputerCareer at Raleigh",Raleigh,"North Carolina",35.773632,-78.634457,1,place,,,"Raleigh, NC 27601",,,,,Raleigh,NC,"Wake County",27601,US,"TIGER/Line® from the US Census Bureau",,
"Turtle Mountain Community College",Belcourt,"North Dakota",48.777557,-99.799919,1,place,,,"Belcourt, ND 58316",,,,,Belcourt,ND,"Rolette County",58316,US,"TIGER/Line® from the US Census Bureau",,
"Aultman College of Nursing and Health Sciences",Canton,Ohio,40.79979,-81.375811,1,place,,,"Canton, OH 44702",,,,,Canton,OH,"Stark County",44702,US,"TIGER/Line® from the US Census Bureau",,
"Bowling Green State University-Firelands",Huron,Ohio,41.375658,-82.538619,1,place,,,"Huron, OH 44839",,,,,Huron,OH,"Erie County",44839,US,"TIGER/Line® from the US Census Bureau",,
"The Christ College of Nursing and Health Sciences",Cincinnati,Ohio,39.166759,-84.53822,1,place,,,"Cincinnati, OH 45201",,,,,Cincinnati,OH,"Hamilton County",45201,US,"TIGER/Line® from the US Census Bureau",,
"University of Cincinnati-Clermont College",Batavia,Ohio,39.025905,-84.157048,1,place,,,"Batavia, OH 45103",,,,,Batavia,OH,"Clermont County",45103,US,"TIGER/Line® from the US Census Bureau",,
"University of Cincinnati-Blue Ash College","Blue Ash",Ohio,40.41493,-82.711998,1,state,,,OH,,,,,,OH,,,US,"TIGER/Line® from the US Census Bureau",,
"Franklin University",Columbus,Ohio,40.100924,-83.013402,1,place,,,"Columbus, OH 43085",,,,,Columbus,OH,"Franklin County",43085,US,"TIGER/Line® from the US Census Bureau",,
"Good Samaritan College of Nursing and Health Science",Cincinnati,Ohio,39.166759,-84.53822,1,place,,,"Cincinnati, OH 45201",,,,,Cincinnati,OH,"Hamilton County",45201,US,"TIGER/Line® from the US Census Bureau",,
"Hocking College",Nelsonville,Ohio,39.45868,-82.23182,1,place,,,"Nelsonville, OH 45764",,,,,Nelsonville,OH,"Athens County",45764,US,"TIGER/Line® from the US Census Bureau",,
"Hondros College of Nursing",Westerville,Ohio,40.10447,-82.896457,1,place,,,"Westerville, OH 43081",,,,,Westerville,OH,"Franklin County",43081,US,"TIGER/Line® from the US Census Bureau",,
"Kent State University at East Liverpool","East Liverpool",Ohio,40.677372,-80.600629,1,place,,,"East Liverpool, OH 43920",,,,,"East Liverpool",OH,"Columbiana County",43920,US,"TIGER/Line® from the US Census Bureau",,
"Kent State University at Stark","North Canton",Ohio,40.699991,-80.886068,0.51,street_center,"North St",,"Kensington, OH 44427",,"North St",,,Kensington,OH,"Columbiana County",44427,US,"TIGER/Line® from the US Census Bureau",gcod_uss2gqugjtmcbxyf,
"Kent State University at Trumbull",Warren,Ohio,41.176641,-80.902344,1,place,,,"Warren, OH 44481",,,,,Warren,OH,"Trumbull County",44481,US,"TIGER/Line® from the US Census Bureau",,
"Kent State University at Tuscarawas","New Philadelphia",Ohio,40.48979,-81.44567,1,place,,,"New Philadelphia, OH 44663",,,,,"New Philadelphia",OH,"Tuscarawas County",44663,US,"TIGER/Line® from the US Census Bureau",,
"Kent State University at Salem",Salem,Ohio,40.90089,-80.85675,1,place,,,"Salem, OH 44460",,,,,Salem,OH,"Columbiana County",44460,US,"TIGER/Line® from the US Census Bureau",,
"Marion Technical College",Marion,Ohio,40.584028,-83.101687,1,place,,,"Marion, OH 43302",,,,,Marion,OH,"Marion County",43302,US,"TIGER/Line® from the US Census Bureau",,
"Mercy College of Ohio",Toledo,Ohio,41.720684,-83.569359,1,place,,,"Toledo, OH 43601",,,,,Toledo,OH,"Lucas County",43601,US,"TIGER/Line® from the US Census Bureau",,
"Mount Carmel College of Nursing",Columbus,Ohio,40.100924,-83.013402,1,place,,,"Columbus, OH 43085",,,,,Columbus,OH,"Franklin County",43085,US,"TIGER/Line® from the US Census Bureau",,
"Ohio State University-Lima Campus",Lima,Ohio,40.772147,-84.0471,1,place,,,"Lima, OH 45801",,,,,Lima,OH,"Allen County",45801,US,"TIGER/Line® from the US Census Bureau",,
"Ohio State University-Mansfield Campus",Mansfield,Ohio,40.762711,-82.51189,1,place,,,"Mansfield, OH 44902",,,,,Mansfield,OH,"Richland County",44902,US,"TIGER/Line® from the US Census Bureau",,
"Ohio State University-Newark Campus",Newark,Ohio,40.119897,-82.377784,1,place,,,"Newark, OH 43055",,,,,Newark,OH,"Licking County",43055,US,"TIGER/Line® from the US Census Bureau",,
"Ohio University-Chillicothe Campus",Chillicothe,Ohio,39.337384,-82.991332,1,place,,,"Chillicothe, OH 45601",,,,,Chillicothe,OH,"Ross County",45601,US,"TIGER/Line® from the US Census Bureau",,
"Ohio University-Southern Campus",Ironton,Ohio,38.53675,-82.68294,1,place,,,"Ironton, OH 45638",,,,,Ironton,OH,"Lawrence County",45638,US,"TIGER/Line® from the US Census Bureau",,
"Ohio University-Main Campus",Athens,Ohio,39.339279,-82.013803,1,place,,,"Athens, OH 45701",,,,,Athens,OH,"Athens County",45701,US,"TIGER/Line® from the US Census Bureau",,
"Ohio University-Zanesville Campus",Zanesville,Ohio,39.927415,-82.004058,1,place,,,"Zanesville, OH 43701",,,,,Zanesville,OH,"Muskingum County",43701,US,"TIGER/Line® from the US Census Bureau",,
"Professional Skills Institute",Maumee,Ohio,41.571251,-83.685036,1,place,,,"Maumee, OH 43537",,,,,Maumee,OH,"Lucas County",43537,US,"TIGER/Line® from the US Census Bureau",,
"Shawnee State University",Portsmouth,Ohio,38.793214,-82.930576,1,place,,,"Portsmouth, OH 45662",,,,,Portsmouth,OH,"Scioto County",45662,US,"TIGER/Line® from the US Census Bureau",,
"Ursuline College","Pepper Pike",Ohio,41.478387,-81.46373,1,place,,,"Pepper Pike, OH 44124",,,,,"Pepper Pike",OH,"Cuyahoga County",44124,US,"TIGER/Line® from the US Census Bureau",,
"MyComputerCareer at Columbus",Columbus,Ohio,40.100924,-83.013402,1,place,,,"Columbus, OH 43085",,,,,Columbus,OH,"Franklin County",43085,US,"TIGER/Line® from the US Census Bureau",,
"Chamberlain University-Ohio",Columbus,Ohio,40.100924,-83.013402,1,place,,,"Columbus, OH 43085",,,,,Columbus,OH,"Franklin County",43085,US,"TIGER/Line® from the US Census Bureau",,
"Athena Career Academy",Toledo,Ohio,41.720684,-83.569359,1,place,,,"Toledo, OH 43601",,,,,Toledo,OH,"Lucas County",43601,US,"TIGER/Line® from the US Census Bureau",,
"Oklahoma Wesleyan University",Bartlesville,Oklahoma,36.728272,-96.067573,1,place,,,"Bartlesville, OK 74003",,,,,Bartlesville,OK,"Osage County",74003,US,"TIGER/Line® from the US Census Bureau",,
"Southern Nazarene University",Bethany,Oklahoma,35.51867,-97.63226,1,place,,,"Bethany, OK 73008",,,,,Bethany,OK,"Oklahoma County",73008,US,"TIGER/Line® from the US Census Bureau",,
"Connors State College",Warner,Oklahoma,35.49426,-95.30552,1,place,,,"Warner, OK 74469",,,,,Warner,OK,"Muskogee County",74469,US,"TIGER/Line® from the US Census Bureau",,
"Murray State College",Tishomingo,Oklahoma,34.275856,-96.655188,1,place,,,"Tishomingo, OK 73460",,,,,Tishomingo,OK,"Johnston County",73460,US,"TIGER/Line® from the US Census Bureau",,
"Northeastern State University",Tahlequah,Oklahoma,35.911304,-94.911331,1,place,,,"Tahlequah, OK 74464",,,,,Tahlequah,OK,"Cherokee County",74464,US,"TIGER/Line® from the US Census Bureau",,
"Northern Oklahoma College",Tonkawa,Oklahoma,36.67837,-97.31004,1,place,,,"Tonkawa, OK 74653",,,,,Tonkawa,OK,"Kay County",74653,US,"TIGER/Line® from the US Census Bureau",,
"Northeastern Oklahoma A&M College",Miami,Oklahoma,36.842401,-94.854482,1,place,,,"Miami, OK 74354",,,,,Miami,OK,"Ottawa County",74354,US,"TIGER/Line® from the US Census Bureau",,
"Oklahoma State University Institute of Technology",Okmulgee,Oklahoma,35.612514,-95.966857,1,place,,,"Okmulgee, OK 74447",,,,,Okmulgee,OK,"Okmulgee County",74447,US,"TIGER/Line® from the US Census Bureau",,
"ATA College",Tulsa,Oklahoma,36.063095,-95.804231,1,place,,,"Tulsa, OK 74102",,,,,Tulsa,OK,"Tulsa County",74102,US,"TIGER/Line® from the US Census Bureau",,
"Sumner College",Portland,Oregon,45.507856,-122.690794,1,place,,,"Portland, OR 97201",,,,,Portland,OR,"Multnomah County",97201,US,"TIGER/Line® from the US Census Bureau",,
"Linfield University",McMinnville,Oregon,45.187444,-123.237145,1,place,,,"McMinnville, OR 97128",,,,,McMinnville,OR,"Yamhill County",97128,US,"TIGER/Line® from the US Census Bureau",,
"Rogue Community College","Grants Pass",Oregon,42.535654,-123.338332,1,place,,,"Grants Pass, OR 97526",,,,,"Grants Pass",OR,"Josephine County",97526,US,"TIGER/Line® from the US Census Bureau",,
"Alvernia University",Reading,Pennsylvania,40.357242,-75.940153,1,place,,,"Reading, PA 19601",,,,,Reading,PA,"Berks County",19601,US,"TIGER/Line® from the US Census Bureau",,
"Carlow University",Pittsburgh,Pennsylvania,40.47441,-79.950968,1,place,,,"Pittsburgh, PA 15201",,,,,Pittsburgh,PA,"Allegheny County",15201,US,"TIGER/Line® from the US Census Bureau",,
"Gwynedd Mercy University","Gwynedd Valley",Pennsylvania,40.181054,-75.257855,1,place,,,"Gwynedd Valley, PA 19437",,,,,"Gwynedd Valley",PA,"Montgomery County",19437,US,"TIGER/Line® from the US Census Bureau",,
"Holy Family University",Philadelphia,Pennsylvania,40.001811,-75.11787,1,place,,,"Philadelphia, PA 19101",,,,,Philadelphia,PA,"Philadelphia County",19101,US,"TIGER/Line® from the US Census Bureau",,
"Indiana University of Pennsylvania-Main Campus",Indiana,Pennsylvania,40.621272,-79.080422,1,place,,,"Indiana, PA 15701",,,,,Indiana,PA,"Indiana County",15701,US,"TIGER/Line® from the US Census Bureau",,
"Johnson College",Scranton,Pennsylvania,41.410079,-75.666784,1,place,,,"Scranton, PA 18503",,,,,Scranton,PA,"Lackawanna County",18503,US,"TIGER/Line® from the US Census Bureau",,
"La Salle University",Philadelphia,Pennsylvania,40.001811,-75.11787,1,place,,,"Philadelphia, PA 19101",,,,,Philadelphia,PA,"Philadelphia County",19101,US,"TIGER/Line® from the US Census Bureau",,
"Pennsylvania State University-Penn State Shenango",Sharon,Pennsylvania,41.23311,-80.4934,1,place,,,"Sharon, PA 16146",,,,,Sharon,PA,"Mercer County",16146,US,"TIGER/Line® from the US Census Bureau",,
"Pennsylvania State University-Penn State Wilkes-Barre",Dallas,Pennsylvania,41.346088,-75.98638,1,place,,,"Dallas, PA 18612",,,,,Dallas,PA,"Luzerne County",18612,US,"TIGER/Line® from the US Census Bureau",,
"Pennsylvania State University-Penn State Scranton",Dunmore,Pennsylvania,41.419969,-75.603975,1,place,,,"Dunmore, PA 18512",,,,,Dunmore,PA,"Lackawanna County",18512,US,"TIGER/Line® from the US Census Bureau",,
"Pennsylvania State University-Penn State Lehigh Valley","Center Valley",Pennsylvania,40.543998,-75.41242,1,place,,,"Center Valley, PA 18034",,,,,"Center Valley",PA,"Lehigh County",18034,US,"TIGER/Line® from the US Census Bureau",,
"Pennsylvania State University-Penn State Beaver",Monaca,Pennsylvania,40.68729,-80.27145,1,place,,,"Monaca, PA 15061",,,,,Monaca,PA,"Beaver County",15061,US,"TIGER/Line® from the US Census Bureau",,
"Pennsylvania State University-Penn State Berks",Reading,Pennsylvania,40.357242,-75.940153,1,place,,,"Reading, PA 19601",,,,,Reading,PA,"Berks County",19601,US,"TIGER/Line® from the US Census Bureau",,
"Pennsylvania State University-Penn State Brandywine",Media,Pennsylvania,39.918804,-75.399118,1,place,,,"Media, PA 19063",,,,,Media,PA,"Delaware County",19063,US,"TIGER/Line® from the US Census Bureau",,
"Pennsylvania State University-Penn State Hazleton",Hazleton,Pennsylvania,40.947134,-75.957126,1,place,,,"Hazleton, PA 18201",,,,,Hazleton,PA,"Luzerne County",18201,US,"TIGER/Line® from the US Census Bureau",,
"Pennsylvania State University-Penn State Greater Allegheny",McKeesport,Pennsylvania,40.338789,-79.796072,1,place,,,"McKeesport, PA 15131",,,,,McKeesport,PA,"Allegheny County",15131,US,"TIGER/Line® from the US Census Bureau",,
"Pennsylvania State University-Penn State Abington",Abington,Pennsylvania,40.123805,-75.114767,1,place,,,"Abington, PA 19001",,,,,Abington,PA,"Montgomery County",19001,US,"TIGER/Line® from the US Census Bureau",,
"Pennsylvania State University-Penn State Schuylkill","Schuylkill Haven",Pennsylvania,40.63065,-76.17105,1,place,,,"Schuylkill Haven, PA 17972",,,,,"Schuylkill Haven",PA,"Schuylkill County",17972,US,"TIGER/Line® from the US Census Bureau",,
"Pennsylvania State University-Penn State York",York,Pennsylvania,39.962998,-76.727139,1,place,,,"York, PA 17401",,,,,York,PA,"York County",17401,US,"TIGER/Line® from the US Census Bureau",,
"University of Pittsburgh-Bradford",Bradford,Pennsylvania,41.9559,-78.64392,1,place,,,"Bradford, PA 16701",,,,,Bradford,PA,"McKean County",16701,US,"TIGER/Line® from the US Census Bureau",,
"University of Pittsburgh-Greensburg",Greensburg,Pennsylvania,40.315028,-79.535741,1,place,,,"Greensburg, PA 15601",,,,,Greensburg,PA,"Westmoreland County",15601,US,"TIGER/Line® from the US Census Bureau",,
"University of Pittsburgh-Johnstown",Johnstown,Pennsylvania,40.328742,-78.914292,1,place,,,"Johnstown, PA 15901",,,,,Johnstown,PA,"Cambria County",15901,US,"TIGER/Line® from the US Census Bureau",,
"Pittsburgh Institute of Aeronautics","West Mifflin",Pennsylvania,40.362505,-79.898389,1,place,,,"West Mifflin, PA 15122",,,,,"West Mifflin",PA,"Allegheny County",15122,US,"TIGER/Line® from the US Census Bureau",,
"Thaddeus Stevens College of Technology",Lancaster,Pennsylvania,40.076553,-76.31068,1,place,,,"Lancaster, PA 17601",,,,,Lancaster,PA,"Lancaster County",17601,US,"TIGER/Line® from the US Census Bureau",,
"Temple University",Philadelphia,Pennsylvania,40.001811,-75.11787,1,place,,,"Philadelphia, PA 19101",,,,,Philadelphia,PA,"Philadelphia County",19101,US,"TIGER/Line® from the US Census Bureau",,
"Pennsylvania College of Technology",Williamsport,Pennsylvania,41.345045,-76.857256,1,place,,,"Williamsport, PA 17701",,,,,Williamsport,PA,"Lycoming County",17701,US,"TIGER/Line® from the US Census Bureau",,
"Pennsylvania College of Health Sciences",Lancaster,Pennsylvania,40.076553,-76.31068,1,place,,,"Lancaster, PA 17601",,,,,Lancaster,PA,"Lancaster County",17601,US,"TIGER/Line® from the US Census Bureau",,
"Triangle Tech Inc-Sunbury",Sunbury,Pennsylvania,40.869766,-76.735577,1,place,,,"Sunbury, PA 17801",,,,,Sunbury,PA,"Northumberland County",17801,US,"TIGER/Line® from the US Census Bureau",,
"PITC Institute",Wyncote,Pennsylvania,40.08561,-75.151569,1,place,,,"Wyncote, PA 19095",,,,,Wyncote,PA,"Montgomery County",19095,US,"TIGER/Line® from the US Census Bureau",,
"Triangle Tech Inc-Bethlehem",Bethlehem,Pennsylvania,40.58883,-75.351958,1,place,,,"Bethlehem, PA 18015",,,,,Bethlehem,PA,"Northampton County",18015,US,"TIGER/Line® from the US Census Bureau",,
"Pennsylvania State University-World Campus","University Park",Pennsylvania,40.799672,-77.862339,1,place,,,"University Park, PA 16802",,,,,"University Park",PA,"Centre County",16802,US,"TIGER/Line® from the US Census Bureau",,
"Universidad Adventista de las Antillas",Mayaguez,"Puerto Rico",18.181938,-67.133802,1,place,,,"Mayaguez, PR 00680",,,,,Mayaguez,PR,"Mayagüez Municipio",00680,US,"TIGER/Line® from the US Census Bureau",,
"Atlantic University College",Guaynabo,"Puerto Rico",18.433757,-66.114752,1,place,,,"Guaynabo, PR 00965",,,,,Guaynabo,PR,"Guaynabo Municipio",00965,US,"TIGER/Line® from the US Census Bureau",,
"Universidad Central de Bayamon",Bayam√≥n,"Puerto Rico",18.326702,-66.174176,1,place,,,"Bayamon, PR 00956",,,,,Bayamon,PR,"Bayamón Municipio",00956,US,"TIGER/Line® from the US Census Bureau",,
"Columbia Central University-Caguas",Caguas,"Puerto Rico",18.212965,-66.058033,1,place,,,"Caguas, PR 00726",,,,,Caguas,PR,"Caguas Municipio",00726,US,"TIGER/Line® from the US Census Bureau",,
"Caribbean University-Bayamon",Bayamon,"Puerto Rico",18.326702,-66.174176,1,place,,,"Bayamon, PR 00956",,,,,Bayamon,PR,"Bayamón Municipio",00956,US,"TIGER/Line® from the US Census Bureau",,
"Pontifical Catholic University of Puerto Rico-Arecibo",Arecibo,"Puerto Rico",18.402239,-66.7114,1,place,,,"Arecibo, PR 00612",,,,,Arecibo,PR,"Arecibo Municipio",00612,US,"TIGER/Line® from the US Census Bureau",,
"Pontifical Catholic University of Puerto Rico-Ponce",Ponce,"Puerto Rico",17.990567,-66.607542,1,place,,,"Ponce, PR 00716",,,,,Ponce,PR,"Ponce Municipio",00716,US,"TIGER/Line® from the US Census Bureau",,
"CEM College-San Juan","San Juan","Puerto Rico",18.465299,-66.116666,1,place,,,"San Juan, PR 00901",,,,,"San Juan",PR,"San Juan Municipio",00901,US,"TIGER/Line® from the US Census Bureau",,
"Colegio Universitario de San Juan","San Juan","Puerto Rico",18.465299,-66.116666,1,place,,,"San Juan, PR 00901",,,,,"San Juan",PR,"San Juan Municipio",00901,US,"TIGER/Line® from the US Census Bureau",,
"EDP University of Puerto Rico Inc-San Sebastian","San Sebastian","Puerto Rico",18.3236,-66.972227,1,place,,,"San Sebastian, PR 00685",,,,,"San Sebastian",PR,"San Sebastián Municipio",00685,US,"TIGER/Line® from the US Census Bureau",,
"Escuela de Artes Plasticas y Diseno de Puerto Rico","San Juan","Puerto Rico",18.465299,-66.116666,1,place,,,"San Juan, PR 00901",,,,,"San Juan",PR,"San Juan Municipio",00901,US,"TIGER/Line® from the US Census Bureau",,
"Instituto Tecnologico de Puerto Rico-Recinto de Manati",Manati,"Puerto Rico",18.44553,-66.490268,1,place,,,"Manati, PR 00674",,,,,Manati,PR,"Manatí Municipio",00674,US,"TIGER/Line® from the US Census Bureau",,
"Huertas College",Caguas,"Puerto Rico",18.212965,-66.058033,1,place,,,"Caguas, PR 00726",,,,,Caguas,PR,"Caguas Municipio",00726,US,"TIGER/Line® from the US Census Bureau",,
"Humacao Community College",Humacao,"Puerto Rico",18.138029,-65.788499,1,place,,,"Humacao, PR 00791",,,,,Humacao,PR,"Humacao Municipio",00791,US,"TIGER/Line® from the US Census Bureau",,
"ICPR Junior College-Arecibo",Arecibo,"Puerto Rico",18.402239,-66.7114,1,place,,,"Arecibo, PR 00612",,,,,Arecibo,PR,"Arecibo Municipio",00612,US,"TIGER/Line® from the US Census Bureau",,
"ICPR Junior College-Mayaguez",Mayaguez,"Puerto Rico",18.181938,-67.133802,1,place,,,"Mayaguez, PR 00680",,,,,Mayaguez,PR,"Mayagüez Municipio",00680,US,"TIGER/Line® from the US Census Bureau",,
"Instituto Tecnologico de Puerto Rico-Recinto de Guayama",Guayama,"Puerto Rico",18.010721,-66.133613,1,place,,,"Guayama, PR 00784",,,,,Guayama,PR,"Guayama Municipio",00784,US,"TIGER/Line® from the US Census Bureau",,
"Inter American University of Puerto Rico-San German","San German","Puerto Rico",18.113284,-67.039706,1,place,,,"San German, PR 00683",,,,,"San German",PR,"San Germán Municipio",00683,US,"TIGER/Line® from the US Census Bureau",,
"Inter American University of Puerto Rico-Aguadilla",Aguadilla,"Puerto Rico",18.455913,-67.14578,1,place,,,"Aguadilla, PR 00603",,,,,Aguadilla,PR,"Aguadilla Municipio",00603,US,"TIGER/Line® from the US Census Bureau",,
"Inter American University of Puerto Rico-Arecibo",Arecibo,"Puerto Rico",18.402239,-66.7114,1,place,,,"Arecibo, PR 00612",,,,,Arecibo,PR,"Arecibo Municipio",00612,US,"TIGER/Line® from the US Census Bureau",,
"Inter American University of Puerto Rico-Barranquitas",Barranquitas,"Puerto Rico",18.200898,-66.307236,1,place,,,"Barranquitas, PR 00794",,,,,Barranquitas,PR,"Barranquitas Municipio",00794,US,"TIGER/Line® from the US Census Bureau",,
"Inter American University of Puerto Rico-Ponce",Mercedita,"Puerto Rico",18.011854,-66.563721,1,place,,,"Mercedita, PR 00715",,,,,Mercedita,PR,"Ponce Municipio",00715,US,"TIGER/Line® from the US Census Bureau",,
"Inter American University of Puerto Rico-Fajardo",Fajardo,"Puerto Rico",18.324515,-65.653167,1,place,,,"Fajardo, PR 00738",,,,,Fajardo,PR,"Fajardo Municipio",00738,US,"TIGER/Line® from the US Census Bureau",,
"Inter American University of Puerto Rico-Guayama",Guayama,"Puerto Rico",18.010721,-66.133613,1,place,,,"Guayama, PR 00784",,,,,Guayama,PR,"Guayama Municipio",00784,US,"TIGER/Line® from the US Census Bureau",,
"Inter American University of Puerto Rico-Bayamon",Bayamon,"Puerto Rico",18.326702,-66.174176,1,place,,,"Bayamon, PR 00956",,,,,Bayamon,PR,"Bayamón Municipio",00956,US,"TIGER/Line® from the US Census Bureau",,
"NUC University",Bayamon,"Puerto Rico",18.326702,-66.174176,1,place,,,"Bayamon, PR 00956",,,,,Bayamon,PR,"Bayamón Municipio",00956,US,"TIGER/Line® from the US Census Bureau",,
"University of Puerto Rico-Aguadilla",Aguadilla,"Puerto Rico",18.455913,-67.14578,1,place,,,"Aguadilla, PR 00603",,,,,Aguadilla,PR,"Aguadilla Municipio",00603,US,"TIGER/Line® from the US Census Bureau",,
"University of Puerto Rico-Arecibo",Arecibo,"Puerto Rico",18.402239,-66.7114,1,place,,,"Arecibo, PR 00612",,,,,Arecibo,PR,"Arecibo Municipio",00612,US,"TIGER/Line® from the US Census Bureau",,
"University of Puerto Rico-Bayamon",Bayamon,"Puerto Rico",18.326702,-66.174176,1,place,,,"Bayamon, PR 00956",,,,,Bayamon,PR,"Bayamón Municipio",00956,US,"TIGER/Line® from the US Census Bureau",,
"University of Puerto Rico-Carolina",Carolina,"Puerto Rico",18.379441,-65.957695,1,place,,,"Carolina, PR 00979",,,,,Carolina,PR,"Carolina Municipio",00979,US,"TIGER/Line® from the US Census Bureau",,
"University of Puerto Rico-Cayey",Cayey,"Puerto Rico",18.102967,-66.139274,1,place,,,"Cayey, PR 00737",,,,,Cayey,PR,"Cayey Municipio",00737,US,"TIGER/Line® from the US Census Bureau",,
"University of Puerto Rico-Humacao",Humacao,"Puerto Rico",18.138029,-65.788499,1,place,,,"Humacao, PR 00791",,,,,Humacao,PR,"Humacao Municipio",00791,US,"TIGER/Line® from the US Census Bureau",,
"University of Puerto Rico-Utuado",Utuado,"Puerto Rico",18.250027,-66.698957,1,place,,,"Utuado, PR 00641",,,,,Utuado,PR,"Utuado Municipio",00641,US,"TIGER/Line® from the US Census Bureau",,
"Pontifical Catholic University of Puerto Rico-Mayaguez",Mayaguez,"Puerto Rico",18.181938,-67.133802,1,place,,,"Mayaguez, PR 00680",,,,,Mayaguez,PR,"Mayagüez Municipio",00680,US,"TIGER/Line® from the US Census Bureau",,
"Universidad Ana G. Mendez-Gurabo Campus",Gurabo,"Puerto Rico",18.259092,-65.974641,1,place,,,"Gurabo, PR 00778",,,,,Gurabo,PR,"Gurabo Municipio",00778,US,"TIGER/Line® from the US Census Bureau",,
"ICPR Junior College","Hato Rey","Puerto Rico",18.217648,-66.410799,1,state,,,PR,,,,,,PR,,,US,"TIGER/Line® from the US Census Bureau",,
"Caribbean University-Ponce",Ponce,"Puerto Rico",17.990567,-66.607542,1,place,,,"Ponce, PR 00716",,,,,Ponce,PR,"Ponce Municipio",00716,US,"TIGER/Line® from the US Census Bureau",,
"Caribbean University-Vega Baja","Vega Baja","Puerto Rico",18.443109,-66.398302,1,place,,,"Vega Baja, PR 00693",,,,,"Vega Baja",PR,"Vega Baja Municipio",00693,US,"TIGER/Line® from the US Census Bureau",,
"CEM College-Humacao",Humacao,"Puerto Rico",18.138029,-65.788499,1,place,,,"Humacao, PR 00791",,,,,Humacao,PR,"Humacao Municipio",00791,US,"TIGER/Line® from the US Census Bureau",,
"Mech-Tech College",Caguas,"Puerto Rico",18.212965,-66.058033,1,place,,,"Caguas, PR 00726",,,,,Caguas,PR,"Caguas Municipio",00726,US,"TIGER/Line® from the US Census Bureau",,
"Colegio de Cinematograf√åa Artes y Television",Bayamon,"Puerto Rico",18.326702,-66.174176,1,place,,,"Bayamon, PR 00956",,,,,Bayamon,PR,"Bayamón Municipio",00956,US,"TIGER/Line® from the US Census Bureau",,
"Dewey University-Carolina",Carolina,"Puerto Rico",18.379441,-65.957695,1,place,,,"Carolina, PR 00979",,,,,Carolina,PR,"Carolina Municipio",00979,US,"TIGER/Line® from the US Census Bureau",,
"Atenas College",Manati,"Puerto Rico",18.44553,-66.490268,1,place,,,"Manati, PR 00674",,,,,Manati,PR,"Manatí Municipio",00674,US,"TIGER/Line® from the US Census Bureau",,
"Dewey University-Hato Rey","Hato Rey","Puerto Rico",18.217648,-66.410799,1,state,,,PR,,,,,,PR,,,US,"TIGER/Line® from the US Census Bureau",,
"Dewey University-Juana D√åaz","Juana Diaz","Puerto Rico",17.997367,-66.493218,1,place,,,"Juana Diaz, PR 00795",,,,,"Juana Diaz",PR,"Juana Díaz Municipio",00795,US,"TIGER/Line® from the US Census Bureau",,
"ICPR Junior College",Manati,"Puerto Rico",18.44553,-66.490268,1,place,,,"Manati, PR 00674",,,,,Manati,PR,"Manatí Municipio",00674,US,"TIGER/Line® from the US Census Bureau",,
"Dewey University-Manati",Manati,"Puerto Rico",18.44553,-66.490268,1,place,,,"Manati, PR 00674",,,,,Manati,PR,"Manatí Municipio",00674,US,"TIGER/Line® from the US Census Bureau",,
"New England Institute of Technology","East Greenwich","Rhode Island",41.64335,-71.478002,1,place,,,"East Greenwich, RI 02818",,,,,"East Greenwich",RI,"Kent County",02818,US,"TIGER/Line® from the US Census Bureau",,
"Strayer University-South Carolina",Greenville,"South Carolina",34.848567,-82.402871,1,place,,,"Greenville, SC 29601",,,,,Greenville,SC,"Greenville County",29601,US,"TIGER/Line® from the US Census Bureau",,
"Mitchell Technical College",Mitchell,"South Dakota",43.69591,-98.086401,1,place,,,"Mitchell, SD 57301",,,,,Mitchell,SD,"Davison County",57301,US,"TIGER/Line® from the US Census Bureau",,
"Baptist Health Sciences University",Memphis,Tennessee,35.050667,-89.847782,1,place,,,"Memphis, TN 38101",,,,,Memphis,TN,"Shelby County",38101,US,"TIGER/Line® from the US Census Bureau",,
"Christian Brothers University",Memphis,Tennessee,35.050667,-89.847782,1,place,,,"Memphis, TN 38101",,,,,Memphis,TN,"Shelby County",38101,US,"TIGER/Line® from the US Census Bureau",,
"Cumberland University",Lebanon,Tennessee,36.267266,-86.291167,1,place,,,"Lebanon, TN 37087",,,,,Lebanon,TN,"Wilson County",37087,US,"TIGER/Line® from the US Census Bureau",,
"Motlow State Community College",Tullahoma,Tennessee,35.36202,-86.20943,1,place,,,"Tullahoma, TN 37388",,,,,Tullahoma,TN,"Coffee County",37388,US,"TIGER/Line® from the US Census Bureau",,
"The University of Tennessee-Martin",Martin,Tennessee,36.324103,-88.782561,1,place,,,"Martin, TN 38237",,,,,Martin,TN,"Weakley County",38237,US,"TIGER/Line® from the US Census Bureau",,
"Tennessee Technological University",Cookeville,Tennessee,36.217846,-85.542327,1,place,,,"Cookeville, TN 38501",,,,,Cookeville,TN,"Putnam County",38501,US,"TIGER/Line® from the US Census Bureau",,
"Walters State Community College",Morristown,Tennessee,36.188826,-83.261343,1,place,,,"Morristown, TN 37813",,,,,Morristown,TN,"Hamblen County",37813,US,"TIGER/Line® from the US Census Bureau",,
"William R Moore College of Technology",Memphis,Tennessee,35.050667,-89.847782,1,place,,,"Memphis, TN 38101",,,,,Memphis,TN,"Shelby County",38101,US,"TIGER/Line® from the US Census Bureau",,
"Strayer University-Tennessee",Memphis,Tennessee,35.050667,-89.847782,1,place,,,"Memphis, TN 38101",,,,,Memphis,TN,"Shelby County",38101,US,"TIGER/Line® from the US Census Bureau",,
"Cisco College",Cisco,Texas,32.286476,-98.973319,1,place,,,"Cisco, TX 76437",,,,,Cisco,TX,"Eastland County",76437,US,"TIGER/Line® from the US Census Bureau",,
"Concordia University Texas",Austin,Texas,30.268335,-97.741382,1,place,,,"Austin, TX 78701",,,,,Austin,TX,"Travis County",78701,US,"TIGER/Line® from the US Census Bureau",,
"North Central Texas College",Gainesville,Texas,33.654698,-97.158295,1,place,,,"Gainesville, TX 76240",,,,,Gainesville,TX,"Cooke County",76240,US,"TIGER/Line® from the US Census Bureau",,
"Hallmark University","San Antonio",Texas,29.468413,-98.528889,1,place,,,"San Antonio, TX 78201",,,,,"San Antonio",TX,"Bexar County",78201,US,"TIGER/Line® from the US Census Bureau",,
"Hill College",Hillsboro,Texas,31.937903,-97.057661,1,place,,,"Hillsboro, TX 76645",,,,,Hillsboro,TX,"Hill County",76645,US,"TIGER/Line® from the US Census Bureau",,
"University of Houston-Victoria",Victoria,Texas,28.804947,-96.984711,1,place,,,"Victoria, TX 77901",,,,,Victoria,TX,"Victoria County",77901,US,"TIGER/Line® from the US Census Bureau",,
"University of Houston",Houston,Texas,29.813142,-95.309789,1,place,,,"Houston, TX 77001",,,,,Houston,TX,"Harris County",77001,US,"TIGER/Line® from the US Census Bureau",,
"University of the Incarnate Word","San Antonio",Texas,29.468413,-98.528889,1,place,,,"San Antonio, TX 78201",,,,,"San Antonio",TX,"Bexar County",78201,US,"TIGER/Line® from the US Census Bureau",,
"Lamar University",Beaumont,Texas,30.073712,-94.109705,1,place,,,"Beaumont, TX 77701",,,,,Beaumont,TX,"Jefferson County",77701,US,"TIGER/Line® from the US Census Bureau",,
"Texas A & M International University",Laredo,Texas,27.515879,-99.494078,1,place,,,"Laredo, TX 78040",,,,,Laredo,TX,"Webb County",78040,US,"TIGER/Line® from the US Census Bureau",,
"Lincoln College of Technology-Grand Prairie","Grand Prairie",Texas,32.776671,-97.009389,1,place,,,"Grand Prairie, TX 75050",,,,,"Grand Prairie",TX,"Dallas County",75050,US,"TIGER/Line® from the US Census Bureau",,
"Midwestern State University","Wichita Falls",Texas,33.905544,-98.479881,1,place,,,"Wichita Falls, TX 76301",,,,,"Wichita Falls",TX,"Wichita County",76301,US,"TIGER/Line® from the US Census Bureau",,
"The University of Texas Rio Grande Valley",Edinburg,Texas,26.280689,-98.183295,1,place,,,"Edinburg, TX 78539",,,,,Edinburg,TX,"Hidalgo County",78539,US,"TIGER/Line® from the US Census Bureau",,
"Panola College",Carthage,Texas,32.183133,-94.309189,1,place,,,"Carthage, TX 75633",,,,,Carthage,TX,"Panola County",75633,US,"TIGER/Line® from the US Census Bureau",,
"University of St Thomas",Houston,Texas,29.813142,-95.309789,1,place,,,"Houston, TX 77001",,,,,Houston,TX,"Harris County",77001,US,"TIGER/Line® from the US Census Bureau",,
"St. Mary's University","San Antonio",Texas,29.468413,-98.528889,1,place,,,"San Antonio, TX 78201",,,,,"San Antonio",TX,"Bexar County",78201,US,"TIGER/Line® from the US Census Bureau",,
"Sul Ross State University",Alpine,Texas,30.357926,-103.66029,1,place,,,"Alpine, TX 79830",,,,,Alpine,TX,"Brewster County",79830,US,"TIGER/Line® from the US Census Bureau",,
"Texas A & M University-Kingsville",Kingsville,Texas,27.422876,-97.84068,1,place,,,"Kingsville, TX 78363",,,,,Kingsville,TX,"Kleberg County",78363,US,"TIGER/Line® from the US Census Bureau",,
"The University of Texas at Arlington",Arlington,Texas,32.635563,-97.148829,1,place,,,"Arlington, TX 76001",,,,,Arlington,TX,"Tarrant County",76001,US,"TIGER/Line® from the US Census Bureau",,
"The University of Texas at El Paso","El Paso",Texas,31.763608,-106.484592,1,place,,,"El Paso, TX 79901",,,,,"El Paso",TX,"El Paso County",79901,US,"TIGER/Line® from the US Census Bureau",,
"The University of Texas at Tyler",Tyler,Texas,32.321937,-95.302223,1,place,,,"Tyler, TX 75701",,,,,Tyler,TX,"Smith County",75701,US,"TIGER/Line® from the US Census Bureau",,
"The University of Texas at San Antonio","San Antonio",Texas,29.468413,-98.528889,1,place,,,"San Antonio, TX 78201",,,,,"San Antonio",TX,"Bexar County",78201,US,"TIGER/Line® from the US Census Bureau",,
"Universal Technical Institute of Texas Inc.",Houston,Texas,29.813142,-95.309789,1,place,,,"Houston, TX 77001",,,,,Houston,TX,"Harris County",77001,US,"TIGER/Line® from the US Census Bureau",,
"Parker University",Dallas,Texas,32.781179,-96.790329,1,place,,,"Dallas, TX 75201",,,,,Dallas,TX,"Dallas County",75201,US,"TIGER/Line® from the US Census Bureau",,
"School of Automotive Machinists & Technology",Houston,Texas,29.813142,-95.309789,1,place,,,"Houston, TX 77001",,,,,Houston,TX,"Harris County",77001,US,"TIGER/Line® from the US Census Bureau",,
"Center for Advanced Legal Studies",Houston,Texas,29.813142,-95.309789,1,place,,,"Houston, TX 77001",,,,,Houston,TX,"Harris County",77001,US,"TIGER/Line® from the US Census Bureau",,
"Galen College of Nursing-San Antonio","San Antonio",Texas,29.468413,-98.528889,1,place,,,"San Antonio, TX 78201",,,,,"San Antonio",TX,"Bexar County",78201,US,"TIGER/Line® from the US Census Bureau",,
"South Texas College",McAllen,Texas,26.215816,-98.239592,1,place,,,"McAllen, TX 78501",,,,,McAllen,TX,"Hidalgo County",78501,US,"TIGER/Line® from the US Census Bureau",,
"Chicago School of Professional Psychology-College of
Nursing",Richardson,Texas,32.962811,-96.726826,1,place,,,"Richardson, TX 75080",,,,,Richardson,TX,"Dallas County",75080,US,"TIGER/Line® from the US Census Bureau",,
"Lamar Institute of Technology",Beaumont,Texas,30.073712,-94.109705,1,place,,,"Beaumont, TX 77701",,,,,Beaumont,TX,"Jefferson County",77701,US,"TIGER/Line® from the US Census Bureau",,
"Universal Technical Institute-Dallas Fort Worth",Irving,Texas,32.767268,-96.777626,1,place,,,"Irving, TX 75015",,,,,Irving,TX,"Dallas County",75015,US,"TIGER/Line® from the US Census Bureau",,
"Chamberlain University-Texas",Houston,Texas,29.813142,-95.309789,1,place,,,"Houston, TX 77001",,,,,Houston,TX,"Harris County",77001,US,"TIGER/Line® from the US Census Bureau",,
"Rio Grande Valley College",Pharr,Texas,26.1948,-98.18362,1,place,,,"Pharr, TX 78577",,,,,Pharr,TX,"Hidalgo County",78577,US,"TIGER/Line® from the US Census Bureau",,
"West Coast University-Dallas",Richardson,Texas,32.962811,-96.726826,1,place,,,"Richardson, TX 75080",,,,,Richardson,TX,"Dallas County",75080,US,"TIGER/Line® from the US Census Bureau",,
"Snow College",Ephraim,Utah,39.373122,-111.62523,1,place,,,"Ephraim, UT 84627",,,,,Ephraim,UT,"Sanpete County",84627,US,"TIGER/Line® from the US Census Bureau",,
"Utah Valley University",Orem,Utah,40.311353,-111.72496,1,place,,,"Orem, UT 84057",,,,,Orem,UT,"Utah County",84057,US,"TIGER/Line® from the US Census Bureau",,
"Western Governors University","Salt Lake City",Utah,40.756095,-111.900719,1,place,,,"Salt Lake City, UT 84101",,,,,"Salt Lake City",UT,"Salt Lake County",84101,US,"TIGER/Line® from the US Census Bureau",,
"Neumont College of Computer Science","Salt Lake City",Utah,40.756095,-111.900719,1,place,,,"Salt Lake City, UT 84101",,,,,"Salt Lake City",UT,"Salt Lake County",84101,US,"TIGER/Line® from the US Census Bureau",,
"Advanced Technology Institute","Virginia Beach",Virginia,36.844004,-76.12036,1,place,,,"Virginia Beach, VA 23450",,,,,"Virginia Beach",VA,"Virginia Beach City",23450,US,"TIGER/Line® from the US Census Bureau",,
"George Mason University",Fairfax,Virginia,38.853231,-77.305097,1,place,,,"Fairfax, VA 22030",,,,,Fairfax,VA,"Fairfax City",22030,US,"TIGER/Line® from the US Census Bureau",,
"Germanna Community College","Locust Grove",Virginia,38.308398,-77.796156,1,place,,,"Locustgrove, VA 22508",,,,,Locustgrove,VA,"Orange County",22508,US,"TIGER/Line® from the US Census Bureau",,
"Hampton University",Hampton,Virginia,37.072658,-76.38992,1,place,,,"Hampton, VA 23630",,,,,Hampton,VA,"Hampton City",23630,US,"TIGER/Line® from the US Census Bureau",,
"Longwood University",Farmville,Virginia,37.280694,-78.421284,1,place,,,"Farmville, VA 23901",,,,,Farmville,VA,"Prince Edward County",23901,US,"TIGER/Line® from the US Census Bureau",,
"Marymount University",Arlington,Virginia,38.885484,-77.099113,1,place,,,"Arlington, VA 22201",,,,,Arlington,VA,"Arlington County",22201,US,"TIGER/Line® from the US Census Bureau",,
"Radford University",Radford,Virginia,37.119732,-80.556541,1,place,,,"Radford, VA 24141",,,,,Radford,VA,"Radford City",24141,US,"TIGER/Line® from the US Census Bureau",,
"Riverside College of Health Careers","Newport News",Virginia,37.058296,-76.463471,1,place,,,"Newport News, VA 23601",,,,,"Newport News",VA,"Newport News City",23601,US,"TIGER/Line® from the US Census Bureau",,
"Chamberlain University-Virginia",Vienna,Virginia,38.897361,-77.253749,1,place,,,"Vienna, VA 22180",,,,,Vienna,VA,"Fairfax County",22180,US,"TIGER/Line® from the US Census Bureau",,
"Bellingham Technical College",Bellingham,Washington,48.754401,-122.478836,1,place,,,"Bellingham, WA 98225",,,,,Bellingham,WA,"Whatcom County",98225,US,"TIGER/Line® from the US Census Bureau",,
"Central Washington University",Ellensburg,Washington,47.028084,-120.48998,1,place,,,"Ellensburg, WA 98926",,,,,Ellensburg,WA,"Kittitas County",98926,US,"TIGER/Line® from the US Census Bureau",,
"Centralia College",Centralia,Washington,46.713822,-123.01046,1,place,,,"Centralia, WA 98531",,,,,Centralia,WA,"Lewis County",98531,US,"TIGER/Line® from the US Census Bureau",,
"City University of Seattle",Seattle,Washington,47.610902,-122.336422,1,place,,,"Seattle, WA 98101",,,,,Seattle,WA,"King County",98101,US,"TIGER/Line® from the US Census Bureau",,
"Eastern Washington University",Cheney,Washington,47.48739,-117.57576,1,place,,,"Cheney, WA 99004",,,,,Cheney,WA,"Spokane County",99004,US,"TIGER/Line® from the US Census Bureau",,
"Perry Technical Institute",Yakima,Washington,46.722625,-120.406039,1,place,,,"Yakima, WA 98901",,,,,Yakima,WA,"Yakima County",98901,US,"TIGER/Line® from the US Census Bureau",,
"Saint Martin's University",Lacey,Washington,47.026418,-122.796695,1,place,,,"Lacey, WA 98503",,,,,Lacey,WA,"Thurston County",98503,US,"TIGER/Line® from the US Census Bureau",,
"Western Washington University",Bellingham,Washington,48.754401,-122.478836,1,place,,,"Bellingham, WA 98225",,,,,Bellingham,WA,"Whatcom County",98225,US,"TIGER/Line® from the US Census Bureau",,
"University of Charleston",Charleston,"West Virginia",38.350719,-81.630359,1,place,,,"Charleston, WV 25301",,,,,Charleston,WV,"Kanawha County",25301,US,"TIGER/Line® from the US Census Bureau",,
"Potomac State College of West Virginia University",Keyser,"West Virginia",39.452686,-78.892554,1,place,,,"Keyser, WV 26726",,,,,Keyser,WV,"Mineral County",26726,US,"TIGER/Line® from the US Census Bureau",,
"Wheeling University",Wheeling,"West Virginia",40.102703,-80.647599,1,place,,,"Wheeling, WV 26003",,,,,Wheeling,WV,"Ohio County",26003,US,"TIGER/Line® from the US Census Bureau",,
"Lakeland University",Plymouth,Wisconsin,43.768454,-87.975773,1,place,,,"Plymouth, WI 53073",,,,,Plymouth,WI,"Sheboygan County",53073,US,"TIGER/Line® from the US Census Bureau",,
